-- phpMyAdmin SQL Dump
-- version 4.9.5
-- https://www.phpmyadmin.net/
--
-- Host: localhost:3306
-- Generation Time: Jun 14, 2021 at 09:35 AM
-- Server version: 5.7.34
-- PHP Version: 7.3.28

SET SQL_MODE = "NO_AUTO_VALUE_ON_ZERO";
SET AUTOCOMMIT = 0;
START TRANSACTION;
SET time_zone = "+00:00";


/*!40101 SET @OLD_CHARACTER_SET_CLIENT=@@CHARACTER_SET_CLIENT */;
/*!40101 SET @OLD_CHARACTER_SET_RESULTS=@@CHARACTER_SET_RESULTS */;
/*!40101 SET @OLD_COLLATION_CONNECTION=@@COLLATION_CONNECTION */;
/*!40101 SET NAMES utf8mb4 */;

--
-- Database: `ssb`
--

-- --------------------------------------------------------

--
-- Table structure for table `absents`
--

CREATE TABLE `absents` (
  `id` bigint(20) UNSIGNED NOT NULL,
  `code` char(10) COLLATE utf8mb4_unicode_ci NOT NULL,
  `register` date NOT NULL,
  `presence` enum('ijin','sakit','alpha','masuk') COLLATE utf8mb4_unicode_ci NOT NULL,
  `description` varchar(255) COLLATE utf8mb4_unicode_ci NOT NULL,
  `student_id` bigint(20) UNSIGNED NOT NULL,
  `schedule_subject_id` bigint(20) UNSIGNED NOT NULL,
  `schedule_id` bigint(20) UNSIGNED NOT NULL,
  `bill` enum('paid','unpaid') COLLATE utf8mb4_unicode_ci NOT NULL DEFAULT 'unpaid',
  `amount` decimal(12,2) NOT NULL,
  `created_at` timestamp NULL DEFAULT NULL,
  `updated_at` timestamp NULL DEFAULT NULL
) ENGINE=InnoDB DEFAULT CHARSET=utf8mb4 COLLATE=utf8mb4_unicode_ci;

--
-- Dumping data for table `absents`
--

INSERT INTO `absents` (`id`, `code`, `register`, `presence`, `description`, `student_id`, `schedule_subject_id`, `schedule_id`, `bill`, `amount`, `created_at`, `updated_at`) VALUES
(1, '', '2021-04-29', 'masuk', 'masuk sekalii', 46, 1, 0, 'unpaid', 0.00, '2021-04-28 23:02:25', '2021-04-28 23:02:25'),
(2, '', '2021-04-29', 'masuk', 'masuk lah', 47, 1, 0, 'paid', 135000.00, '2021-04-29 04:43:36', '2021-04-29 04:46:11'),
(3, '', '2021-05-03', 'alpha', '', 46, 1, 0, 'paid', 20000.00, '2021-05-02 22:17:57', '2021-05-02 22:17:57'),
(4, '', '2021-05-27', 'alpha', '', 46, 1, 0, 'paid', 25000.00, '2021-05-26 22:05:57', '2021-05-26 22:05:57'),
(5, '', '2021-06-25', 'ijin', 'xXXXX', 2, 2, 0, 'unpaid', 0.00, '2021-06-01 23:40:22', '2021-06-01 23:40:22'),
(6, '', '2021-06-04', 'masuk', 'Hadir', 46, 1, 0, 'paid', 209555.00, '2021-06-03 16:59:36', '2021-06-03 19:56:25'),
(7, '', '2021-06-04', '', '', 5, 1, 0, 'paid', 3000.00, '2021-06-03 17:55:11', '2021-06-03 19:49:26'),
(8, '', '2021-06-04', 'masuk', 'Hadir', 2, 1, 0, 'unpaid', 0.00, '2021-06-03 17:56:30', '2021-06-03 17:56:30'),
(9, '', '2021-06-04', 'masuk', 'Hadir', 3, 1, 0, 'unpaid', 0.00, '2021-06-03 17:58:28', '2021-06-03 17:58:28'),
(10, '', '2021-06-08', 'alpha', 'Alpha', 2, 1, 0, 'paid', 200000.00, '2021-06-07 17:39:52', '2021-06-07 18:08:06');

-- --------------------------------------------------------

--
-- Table structure for table `bills`
--

CREATE TABLE `bills` (
  `id` bigint(20) UNSIGNED NOT NULL,
  `code` char(10) COLLATE utf8mb4_unicode_ci NOT NULL,
  `periode` varchar(255) COLLATE utf8mb4_unicode_ci DEFAULT NULL,
  `register` date NOT NULL,
  `amount` decimal(12,2) NOT NULL,
  `status` enum('paid','unpaid') COLLATE utf8mb4_unicode_ci NOT NULL,
  `student_id` bigint(20) UNSIGNED NOT NULL,
  `created_at` timestamp NULL DEFAULT NULL,
  `updated_at` timestamp NULL DEFAULT NULL
) ENGINE=InnoDB DEFAULT CHARSET=utf8mb4 COLLATE=utf8mb4_unicode_ci;

--
-- Dumping data for table `bills`
--

INSERT INTO `bills` (`id`, `code`, `periode`, `register`, `amount`, `status`, `student_id`, `created_at`, `updated_at`) VALUES
(1, 'erer', '2021-04', '2021-06-08', 2000.00, '', 46, '2021-04-28 23:08:56', '2021-06-07 19:03:26');

-- --------------------------------------------------------

--
-- Table structure for table `grades`
--

CREATE TABLE `grades` (
  `id` bigint(20) UNSIGNED NOT NULL,
  `code` char(10) COLLATE utf8mb4_unicode_ci NOT NULL,
  `name` varchar(255) COLLATE utf8mb4_unicode_ci NOT NULL,
  `agemin` char(50) COLLATE utf8mb4_unicode_ci NOT NULL,
  `agemax` char(50) COLLATE utf8mb4_unicode_ci NOT NULL,
  `description` varchar(255) COLLATE utf8mb4_unicode_ci NOT NULL,
  `created_at` timestamp NULL DEFAULT NULL,
  `updated_at` timestamp NULL DEFAULT NULL
) ENGINE=InnoDB DEFAULT CHARSET=utf8mb4 COLLATE=utf8mb4_unicode_ci;

--
-- Dumping data for table `grades`
--

INSERT INTO `grades` (`id`, `code`, `name`, `agemin`, `agemax`, `description`, `created_at`, `updated_at`) VALUES
(1, '1', 'U8', '7', '9', '', '2021-04-27 17:10:14', '2021-04-28 18:29:56'),
(2, '2', 'U10', '9', '11', '', '2021-04-27 17:10:24', '2021-04-28 18:30:11'),
(3, '3', 'U12', '11', '13', '', '2021-04-27 17:10:33', '2021-04-28 18:30:26'),
(4, '4', 'U14', '13', '14', '', '2021-04-27 17:10:44', '2021-04-28 18:30:45'),
(5, '5', 'U16', '14', '16', '', '2021-04-27 17:10:53', '2021-04-28 18:31:09');

-- --------------------------------------------------------

--
-- Table structure for table `migrations`
--

CREATE TABLE `migrations` (
  `id` int(10) UNSIGNED NOT NULL,
  `migration` varchar(255) COLLATE utf8mb4_unicode_ci NOT NULL,
  `batch` int(11) NOT NULL
) ENGINE=InnoDB DEFAULT CHARSET=utf8mb4 COLLATE=utf8mb4_unicode_ci;

--
-- Dumping data for table `migrations`
--

INSERT INTO `migrations` (`id`, `migration`, `batch`) VALUES
(1, '2016_06_01_000001_create_oauth_auth_codes_table', 1),
(2, '2016_06_01_000002_create_oauth_access_tokens_table', 1),
(3, '2016_06_01_000003_create_oauth_refresh_tokens_table', 1),
(4, '2016_06_01_000004_create_oauth_clients_table', 1),
(5, '2016_06_01_000005_create_oauth_personal_access_clients_table', 1),
(6, '2021_03_25_071508_create_grades_table', 1),
(7, '2021_03_25_071601_create_teachers_table', 1),
(8, '2021_03_25_071602_create_students_table', 1),
(9, '2021_03_25_071648_create_subjects_table', 1),
(10, '2021_03_25_071729_create_tests_table', 1),
(11, '2021_03_25_071800_create_schedules_table', 1),
(12, '2021_03_25_071831_create_absents_table', 1),
(13, '2021_03_25_072131_create_bills_table', 1),
(14, '2021_03_25_071501_create_grades_table', 2),
(15, '2021_03_25_071602_create_teachers_table', 2),
(16, '2021_03_25_071603_create_students_table', 2),
(17, '2021_03_25_071644_create_subjects_table', 2),
(18, '2021_03_25_071725_create_tests_table', 2),
(19, '2021_03_25_071806_create_schedules_table', 2),
(20, '2021_03_25_071837_create_absents_table', 2),
(21, '2021_03_25_072138_create_bills_table', 2),
(22, '2021_03_25_071601_create_grades_table', 3),
(23, '2021_03_25_071604_create_teachers_table', 3),
(24, '2021_03_25_071605_create_students_table', 3),
(25, '2021_03_25_071646_create_subjects_table', 3),
(26, '2021_03_25_071727_create_tests_table', 3),
(27, '2021_03_25_071808_create_schedules_table', 3),
(28, '2021_03_25_071839_create_absents_table', 3),
(29, '2021_03_25_072148_create_bills_table', 3),
(30, '2021_03_25_071602_create_grades_table', 4),
(31, '2021_03_25_071603_create_teachers_table', 4),
(32, '2021_03_25_071604_create_students_table', 4),
(33, '2021_03_25_071645_create_subjects_table', 4),
(34, '2021_03_25_071726_create_tests_table', 4),
(35, '2021_03_25_071807_create_schedules_table', 4),
(36, '2021_03_25_071838_create_absents_table', 4),
(37, '2021_03_25_072149_create_bills_table', 4),
(38, '2021_03_25_024912_create_subject_catagories_table', 5),
(39, '2021_03_25_025031_create_semesters_table', 5),
(40, '2021_03_25_025032_create_semesters_table', 6),
(41, '2021_03_25_071604_create_grades_table', 6),
(42, '2021_03_25_071605_create_teachers_table', 6),
(43, '2021_03_25_071606_create_students_table', 6),
(44, '2021_03_25_071647_create_subjects_table', 6),
(45, '2021_03_25_071728_create_tests_table', 6),
(46, '2021_03_25_071809_create_schedules_table', 6),
(47, '2021_03_25_071810_create_absents_table', 6),
(48, '2021_03_25_072111_create_bills_table', 6),
(49, '2021_03_25_034147_create_periodes_table', 7),
(50, '2021_03_25_071704_create_grades_table', 7),
(51, '2021_03_25_071705_create_teachers_table', 7),
(52, '2021_03_25_071706_create_students_table', 7),
(53, '2021_03_25_071747_create_subjects_table', 7),
(54, '2021_03_25_025034_create_semesters_table', 8),
(55, '2021_03_25_071701_create_teachers_table', 8),
(56, '2021_03_25_071702_create_grades_table', 8),
(57, '2021_03_25_071703_create_students_table', 8),
(58, '2021_03_25_071756_create_subjects_table', 9),
(59, '2021_03_25_071759_create_tests_table', 10),
(60, '2021_03_25_071812_create_schedules_table', 10),
(61, '2021_03_25_081815_create_absents_table', 10),
(62, '2021_03_25_082116_create_bills_table', 10),
(63, '2021_04_05_032841_create_schedule_subjects_table', 10),
(64, '2021_03_25_025036_create_semesters_table', 11),
(65, '2021_03_25_071711_create_teachers_table', 11),
(66, '2021_03_25_071712_create_grades_table', 11),
(67, '2021_03_25_071713_create_students_table', 11),
(68, '2021_03_25_071766_create_subjects_table', 11),
(69, '2021_03_25_071769_create_tests_table', 11),
(70, '2021_03_25_034157_create_periodes_table', 12),
(71, '2021_03_25_071822_create_schedules_table', 13),
(72, '2021_03_25_081829_create_absents_table', 13),
(73, '2021_03_25_082127_create_bills_table', 13),
(74, '2021_04_05_032859_create_schedule_subjects_table', 13),
(75, '2021_04_05_070343_update_schedule_subjects', 14),
(76, '2021_04_05_070344_update_schedule_subjects', 15),
(77, '2021_04_05_070345_update_schedule_subjects', 16),
(78, '2021_04_07_024028_update_tests_table', 17),
(79, '2021_04_07_024029_update_tests_table', 18),
(80, '2021_04_07_024030_update_tests_table', 19),
(83, '2021_04_27_033758_update_students_table', 20),
(84, '2021_04_27_043753_update_grades_table', 21),
(85, '2021_04_27_062709_create_teams_table', 22),
(86, '2021_04_27_063760_update_students_table', 23);

-- --------------------------------------------------------

--
-- Table structure for table `oauth_access_tokens`
--

CREATE TABLE `oauth_access_tokens` (
  `id` varchar(100) COLLATE utf8mb4_unicode_ci NOT NULL,
  `user_id` bigint(20) UNSIGNED DEFAULT NULL,
  `client_id` bigint(20) UNSIGNED NOT NULL,
  `name` varchar(255) COLLATE utf8mb4_unicode_ci DEFAULT NULL,
  `scopes` text COLLATE utf8mb4_unicode_ci,
  `revoked` tinyint(1) NOT NULL,
  `created_at` timestamp NULL DEFAULT NULL,
  `updated_at` timestamp NULL DEFAULT NULL,
  `expires_at` datetime DEFAULT NULL
) ENGINE=InnoDB DEFAULT CHARSET=utf8mb4 COLLATE=utf8mb4_unicode_ci;

--
-- Dumping data for table `oauth_access_tokens`
--

INSERT INTO `oauth_access_tokens` (`id`, `user_id`, `client_id`, `name`, `scopes`, `revoked`, `created_at`, `updated_at`, `expires_at`) VALUES
('004d8669e3fec75feb2d7d77d866f9a2cf72433a8621d4e06e02c2efa49454911fa75dd07cb34d0b', 4, 1, 'authToken', '[]', 0, '2021-05-26 19:26:31', '2021-05-26 19:26:31', '2022-05-27 03:26:31'),
('02390d745fcd170025c28e38485c1255498121b40479e9173836025f8ae66eb27164f344e242bf45', 4, 1, 'authToken', '[]', 0, '2021-05-26 21:12:50', '2021-05-26 21:12:50', '2022-05-27 05:12:50'),
('03019b38b54a1df1690e331659250f457b8320dd0ded23a90add369ddde397a91c8c7569e31366ad', 4, 1, 'authToken', '[]', 0, '2021-05-26 21:27:26', '2021-05-26 21:27:26', '2022-05-27 05:27:26'),
('03862206ac57cfac330e63f8f885f70b01bfb4a13904fbc03e77f6751961de7f3cf10059b06600b1', 4, 1, 'authToken', '[]', 0, '2021-05-26 17:23:57', '2021-05-26 17:23:57', '2022-05-27 01:23:57'),
('069b042c11f50739496820e759d5f4ed5ee54ec25ea3aff0fce46f9486fdee9181acd2377226ab0a', 4, 1, 'authToken', '[]', 0, '2021-06-01 17:38:25', '2021-06-01 17:38:25', '2022-06-02 01:38:25'),
('07c68c1e449eb513bd19c4eeefb0fdb7ddf0acbcb0ce10cbeee48c50f671f20e0769a61683069d84', 4, 1, 'authToken', '[]', 0, '2021-05-31 19:00:08', '2021-05-31 19:00:08', '2022-06-01 03:00:08'),
('0885aa059fb46baa1cef1cc930a2c332cdcbe9d798ceaa6ab7c0cddba36366dc7a0cf6c826b33316', 4, 1, 'authToken', '[]', 0, '2021-06-06 20:42:27', '2021-06-06 20:42:27', '2022-06-07 04:42:27'),
('09abbe9040f868d6ea3cc598c68a6cb95acda253e38a6deae2e85afa4690f46378e8572d71a72247', 4, 1, 'authToken', '[]', 0, '2021-05-26 19:04:43', '2021-05-26 19:04:43', '2022-05-27 03:04:43'),
('09c7e4a8ce0250e055c60296b0a5d72e83b2d930a3a40deaa289477db5eeb92d27eeaddd90070174', 4, 1, 'authToken', '[]', 0, '2021-05-30 06:10:09', '2021-05-30 06:10:09', '2022-05-30 14:10:09'),
('09e3da186c6eaf5b6461fe20191317c53df6de474e1958bc8a728e4f671b3f9769cf48fec06120a1', 4, 1, 'authToken', '[]', 0, '2021-06-01 19:30:31', '2021-06-01 19:30:31', '2022-06-02 03:30:31'),
('0a4854ae7fdaf28193d1b062137429cdc22545dca25963e72cdd59264774727c492f13955cf6713f', 4, 1, 'authToken', '[]', 0, '2021-05-31 19:50:02', '2021-05-31 19:50:02', '2022-06-01 03:50:02'),
('0d65ab640463e810e290b430b2266a2fdf00b093ce0d1a10217583826434db1c84516b8f4ed76c56', 4, 1, 'authToken', '[]', 0, '2021-06-01 22:03:59', '2021-06-01 22:03:59', '2022-06-02 06:03:59'),
('0e716933608478e36c28d78c11dfe6891ebd6c0e9c3fe651c7f0a6273bd7029b7a64c74263db6dff', 4, 1, 'authToken', '[]', 0, '2021-05-26 22:57:37', '2021-05-26 22:57:37', '2022-05-27 06:57:37'),
('11e8ed29db179a7ea13fe836aad7ef46907bd81fbfb9d65ffdffe101102fe90f5e3efe896bb22145', 4, 1, 'authToken', '[]', 0, '2021-05-30 05:05:11', '2021-05-30 05:05:11', '2022-05-30 13:05:11'),
('12c5aa0e6c4b0318c472f9d1be97b7a2d6c6c03d6c6c71f68295731249001eed55a00f422dc1ffc4', 4, 1, 'authToken', '[]', 0, '2021-05-31 23:33:01', '2021-05-31 23:33:01', '2022-06-01 07:33:01'),
('13902ac7b22860899f18a9bc17249a6f0cef7dcdfe1bb4f0a9e10ae1f8997564d2f44e6719c5e1a8', 4, 1, 'authToken', '[]', 0, '2021-06-01 19:42:29', '2021-06-01 19:42:29', '2022-06-02 03:42:29'),
('13a4c8945850b2d0b7f9c7e5bb4d9194117cc9416f2ea889283202f2c66f60afd4d563ecefa8be5c', 4, 1, 'authToken', '[]', 0, '2021-05-03 19:36:26', '2021-05-03 19:36:26', '2022-05-04 03:36:26'),
('13b6bc2df27b270d7f306125d53ec9d57f7ae96b981dd095d8daf7fb56cf9db72a562a244b76ccfc', 4, 1, 'authToken', '[]', 0, '2021-06-01 05:03:12', '2021-06-01 05:03:12', '2022-06-01 13:03:12'),
('1517f7601195822325f2b6255f8d83e15b57f5f0890806bf3e38ae5d1147096987d3759273d7a3f9', 4, 1, 'authToken', '[]', 0, '2021-06-01 17:24:17', '2021-06-01 17:24:17', '2022-06-02 01:24:17'),
('159f7c5140a8ae89d6dc83299dfcf9cda9b47f18d703f9f0644c9a728ff43d3e3b0a2375dd2dfb12', 4, 1, 'authToken', '[]', 0, '2021-05-26 18:52:13', '2021-05-26 18:52:13', '2022-05-27 02:52:13'),
('18125d9d8587103026c92bd74a483c8dfa83cdbad916f78abe01cb7cd7e58ddf93000fcaa1d723ea', 4, 1, 'authToken', '[]', 0, '2021-05-26 21:40:06', '2021-05-26 21:40:06', '2022-05-27 05:40:06'),
('18b2eabaa1a6646bee6414cfc8f03d142b7824dce9c606ad88e8bc089c399d9036e4a8ffe16334c1', 4, 1, 'authToken', '[]', 0, '2021-05-27 07:14:06', '2021-05-27 07:14:06', '2022-05-27 15:14:06'),
('1b562f345f0ad39eca51587c02dca2278e13398d6313e84106d6801465b15b23c693333b918adf98', 4, 1, 'authToken', '[]', 0, '2021-05-30 05:06:32', '2021-05-30 05:06:32', '2022-05-30 13:06:32'),
('1c9fd14ef63f479ac07e781a1879d788994c8822dfa94aa54709f6ef893e989449d483765da59701', 4, 1, 'authToken', '[]', 0, '2021-06-01 22:06:08', '2021-06-01 22:06:08', '2022-06-02 06:06:08'),
('1cc3c9ae4f50c9867ed008f37b8010304fe6d40377a39525dfe7c203da9d33df73964b34f628e2b1', 4, 1, 'authToken', '[]', 0, '2021-05-26 17:38:05', '2021-05-26 17:38:05', '2022-05-27 01:38:05'),
('1e571dad69ab5e79df6cc83a1fcc9761bb2acbc957456fcff3138a92861c3545d57731ebaa21e987', 4, 1, 'authToken', '[]', 0, '2021-06-11 22:26:50', '2021-06-11 22:26:50', '2022-06-12 06:26:50'),
('20305c4a3f7b6656d06a2e501795b3acbb4ed1ee468f5aeed2fb549611e3906c9dd3f82cceae0819', 4, 1, 'authToken', '[]', 0, '2021-06-01 06:19:58', '2021-06-01 06:19:58', '2022-06-01 14:19:58'),
('20fcdf90e50de6b20c9af19c30f16962ea909eaba333376f5e488e28b77ef30068524bd38b96122b', 4, 1, 'authToken', '[]', 0, '2021-05-30 04:20:18', '2021-05-30 04:20:18', '2022-05-30 12:20:18'),
('211020ee6ef3499e3426a029cdff8b22f5a190d0ca6d06e0e617eb8b65b8a752aa15842332317fd7', 4, 1, 'authToken', '[]', 0, '2021-05-31 22:07:55', '2021-05-31 22:07:55', '2022-06-01 06:07:55'),
('21326f01a4360a0ad16be6d7bf2c3b8eb84319982fddd2e0e9f70a6270730433e1323e4aa37d9b54', 4, 1, 'authToken', '[]', 0, '2021-05-31 17:53:56', '2021-05-31 17:53:56', '2022-06-01 01:53:56'),
('23a017286829c9c97366b9b3f3179c5ae747e51b329899953dc248dbe51415ccff45ad9a0d896f36', 4, 1, 'authToken', '[]', 0, '2021-06-01 19:41:07', '2021-06-01 19:41:07', '2022-06-02 03:41:07'),
('2489977a8f57e2f088a00d13255732e4007b23908d44c77b73bc27f3dd6e1b26d9697d3f84fa79c9', 4, 1, 'authToken', '[]', 0, '2021-05-30 04:57:44', '2021-05-30 04:57:44', '2022-05-30 12:57:44'),
('27f953b072e88e1d65fa57b7c887f6d5b6a5abff01605dcb4d350ea185ac8dfbe32c44c990f459cc', 4, 1, 'authToken', '[]', 0, '2021-06-01 19:43:25', '2021-06-01 19:43:25', '2022-06-02 03:43:25'),
('28022934a8e884de3c38db668adb45f212ce1f6fac3958b14faf5f01eba91f1782112186114f22be', 4, 1, 'authToken', '[]', 0, '2021-05-31 21:52:56', '2021-05-31 21:52:56', '2022-06-01 05:52:56'),
('28ab0fe8f9ce8cb638c244f0af9636c2490ec7799b1e83b7c80c9b4d124c95f31db45f9d5833a35a', 4, 1, 'authToken', '[]', 0, '2021-05-31 20:35:09', '2021-05-31 20:35:09', '2022-06-01 04:35:09'),
('295587543872fdd1433a4703c0473b13d3435df996375ef055650b251accd0e44aea7c55729431a8', 4, 1, 'authToken', '[]', 0, '2021-05-31 17:25:04', '2021-05-31 17:25:04', '2022-06-01 01:25:04'),
('2ac577285978a2e659f767d3fc086f2c2cdd9c466587e12180504597df97bb011628fea14d1b883d', 4, 1, 'authToken', '[]', 0, '2021-06-02 10:26:55', '2021-06-02 10:26:55', '2022-06-02 18:26:55'),
('2c103eec7cd23e2e4de615cc4d05a82b2aa57a33209b1b81c9c25ac1cb4681a6d7eecaf6391fb195', 4, 1, 'authToken', '[]', 0, '2021-06-01 06:40:11', '2021-06-01 06:40:11', '2022-06-01 14:40:11'),
('2d2dfb979ba86adfc23b354dad38e5f0575350fcda4d5314c62dfaa31b551e5388d4095f4ea8cae8', 4, 1, 'authToken', '[]', 0, '2021-06-01 18:02:04', '2021-06-01 18:02:04', '2022-06-02 02:02:04'),
('2e6d0e906a23436030a18407ab7df206e0d0399493ef1668b9e8f2c0a8376def38aa2d3f53b1a763', 4, 1, 'authToken', '[]', 0, '2021-06-01 21:37:10', '2021-06-01 21:37:10', '2022-06-02 05:37:10'),
('30778c29cb5fd4047e01ac92db56a4d982af59b678bd58b2d87fa2496569e864474a4fa43acc607e', 4, 1, 'authToken', '[]', 0, '2021-05-30 05:20:35', '2021-05-30 05:20:35', '2022-05-30 13:20:35'),
('323a82259e8eda8f0c27710515668f5f28fa9a2d62e97af904a8fa0fcf8ab5180af04dc66fe462c7', 4, 1, 'authToken', '[]', 0, '2021-05-31 23:38:58', '2021-05-31 23:38:58', '2022-06-01 07:38:58'),
('32cdd2ab5199bbdeb37df64a4c43399a2b7836f97ba3c22ef8bbcc3d021933815977e3c4d5ddaf8c', 4, 1, 'authToken', '[]', 0, '2021-05-30 04:51:27', '2021-05-30 04:51:27', '2022-05-30 12:51:27'),
('3310003a4d345e4ffd835ef97d6cb8b6f1c12452205c729098d4c8442a0faec88a85ad7d52c38863', 4, 1, 'authToken', '[]', 0, '2021-05-21 18:08:43', '2021-05-21 18:08:43', '2022-05-22 02:08:43'),
('3395d419e49cc48abef8c031feedf5992d96c429f98950e0e2f5ca2422a9dfca02e08895c6760eec', 4, 1, 'authToken', '[]', 0, '2021-05-31 20:13:31', '2021-05-31 20:13:31', '2022-06-01 04:13:31'),
('3598d3f2d6a107faa90fa6ff550fd3c0452403ce31784b2567941eee3133c1605f385ff8cbe281be', 4, 1, 'authToken', '[]', 0, '2021-06-04 00:58:49', '2021-06-04 00:58:49', '2022-06-04 08:58:49'),
('368b61499787006fff03527063b7764ff118675cbc9b674cb802f8b31dc71c7c19e6c00674b8c8dd', 4, 1, 'authToken', '[]', 0, '2021-05-26 18:08:55', '2021-05-26 18:08:55', '2022-05-27 02:08:55'),
('374196c017294aaaf333369af22aaa03f0c17f3f360529deb31f90d773d13d967cf931b05acddabd', 4, 1, 'authToken', '[]', 0, '2021-05-26 18:58:26', '2021-05-26 18:58:26', '2022-05-27 02:58:26'),
('3b32bed6e32f68bd4b22d7cf31a7d0e1b1b04072f3ffc0b687a893ff12166d11bcaab0d7b62b7300', 4, 1, 'authToken', '[]', 0, '2021-06-01 18:01:04', '2021-06-01 18:01:04', '2022-06-02 02:01:04'),
('3c086082774b9e75da94f5c4afe518a5211f9747a7b2b2c0a424ef5da6ce2a90e46a80eafec8f1d6', 4, 1, 'authToken', '[]', 0, '2021-06-07 18:31:02', '2021-06-07 18:31:02', '2022-06-08 02:31:02'),
('3c0e1a88276ea4c1a6fd7f0a23c138c24241517f541b84050d0e4d44fa22aa24df2eb32a81d37791', 4, 1, 'authToken', '[]', 0, '2021-05-31 23:33:30', '2021-05-31 23:33:30', '2022-06-01 07:33:30'),
('3c8eb4c7d409e65ed7d65695ac518affedb1cea00284a15c1c287309aa6716dd3e8029548190e707', 4, 1, 'authToken', '[]', 0, '2021-06-02 17:58:43', '2021-06-02 17:58:43', '2022-06-03 01:58:43'),
('3da9871fe53e9fad4e889013b55983ea18929fb24a37596071973918d65556274794a949fdd203fa', 4, 1, 'authToken', '[]', 0, '2021-05-27 07:20:58', '2021-05-27 07:20:58', '2022-05-27 15:20:58'),
('3ea02d2fa8bf1bff2ea542b193955f65e6ff3cbba0b31d40e4061b7f6f195ee71dbfa3a73a2def70', 4, 1, 'authToken', '[]', 0, '2021-05-31 19:00:47', '2021-05-31 19:00:47', '2022-06-01 03:00:47'),
('3f98cfac84b820b29ac06dcdfc1d122c8fa03d38ab5324a8a0346ae529c8bb6e02c5a98ef403d891', 4, 1, 'authToken', '[]', 0, '2021-06-01 19:37:59', '2021-06-01 19:37:59', '2022-06-02 03:37:59'),
('407d0ec73f72f4280660928cde98a2ba2660b52ea35af7f71fbdacc9e8a5b3dbd46ada67ae3115ba', 4, 1, 'authToken', '[]', 0, '2021-06-01 06:18:16', '2021-06-01 06:18:16', '2022-06-01 14:18:16'),
('435d5b353c07db8360d51d6c625c85bb14225f3e69ccaee84a03dfd93eaded0ac3bf0cd0464d6bcb', 4, 1, 'authToken', '[]', 0, '2021-06-01 19:25:59', '2021-06-01 19:25:59', '2022-06-02 03:25:59'),
('446e75eb4032c51bf08a0f19566e904e0a68e4c5605771be02dad47846cde1c6b2223a119c31869e', 4, 1, 'authToken', '[]', 0, '2021-06-01 22:26:42', '2021-06-01 22:26:42', '2022-06-02 06:26:42'),
('44e97a5f8938cc753a1f0b2912d0b873ad668842e8257c29934c58c06d779c8743f328fd4ce0b7ed', 4, 1, 'authToken', '[]', 0, '2021-05-26 22:10:39', '2021-05-26 22:10:39', '2022-05-27 06:10:39'),
('453b7104a6593e1046ff5f6f98ec25ada0aff94d08a3fe90e58be15ae484f51ac7346c26b5437e38', 4, 1, 'authToken', '[]', 0, '2021-05-26 18:13:00', '2021-05-26 18:13:00', '2022-05-27 02:13:00'),
('454f276279e140fc2c5e2cd57ad779a751b558e41cd397204bddbcfd6ce3c1b244b3f778cd45b5b2', 4, 1, 'authToken', '[]', 0, '2021-05-31 23:18:22', '2021-05-31 23:18:22', '2022-06-01 07:18:22'),
('460649f049e871103345681013af40833c652cde21ae9de6e6579b71ee2a2d36f8d749f7d0756bd0', 4, 1, 'authToken', '[]', 0, '2021-05-31 23:19:44', '2021-05-31 23:19:44', '2022-06-01 07:19:44'),
('49e09f0e3a58d44ced5c5802f9f8835ee29e285ec35fc1715c7374555cd072a634d9002d7178a15f', 4, 1, 'authToken', '[]', 0, '2021-06-01 19:47:22', '2021-06-01 19:47:22', '2022-06-02 03:47:22'),
('4b47cb16120e5c126725119fc6442f93c3225b5b38624d2be954fb425667184151411bda1bbc68bf', 4, 1, 'authToken', '[]', 0, '2021-05-31 19:31:58', '2021-05-31 19:31:58', '2022-06-01 03:31:58'),
('4c8cf53b6e206db3703185b3aaba5fdc84ab8c178eb908c55a83118b67b454ebcc0412db5fb1b11b', 4, 1, 'authToken', '[]', 0, '2021-05-26 22:09:39', '2021-05-26 22:09:39', '2022-05-27 06:09:39'),
('5260e13ed27059d53e721fde258a3b00f23af412f3612df5e063d44672aaab215349cf022ee8c580', 4, 1, 'authToken', '[]', 0, '2021-05-26 23:16:34', '2021-05-26 23:16:34', '2022-05-27 07:16:34'),
('54819171e0434ac89369bb79d4033deb7619f8cff0e6628c65252243359b401cc24b64492c1467a6', 4, 1, 'authToken', '[]', 0, '2021-05-26 19:15:03', '2021-05-26 19:15:03', '2022-05-27 03:15:03'),
('565afaa61d8e15c9e82164fd0438017c7979fcc5430684f5021a847503ee505b4e5937d6f37100da', 4, 1, 'authToken', '[]', 0, '2021-06-01 19:42:05', '2021-06-01 19:42:05', '2022-06-02 03:42:05'),
('56dfeeede6b0a7652d0f054802ef45aa2cc82521ea84211455bc24a972d6a76a41a66d82429823cf', 4, 1, 'authToken', '[]', 0, '2021-05-26 18:20:08', '2021-05-26 18:20:08', '2022-05-27 02:20:08'),
('576679ba7c199e085734a87d181b156e35dc69f40855ff5ca9ae059e4874a7938efdb30599fd1525', 4, 1, 'authToken', '[]', 0, '2021-05-31 23:38:04', '2021-05-31 23:38:04', '2022-06-01 07:38:04'),
('5937c06e1cf71963958e4fddd6aecea94846fcc3aa2d3662b1d1842ecd04824fb50942fb71b46080', 4, 1, 'authToken', '[]', 0, '2021-06-02 12:27:16', '2021-06-02 12:27:16', '2022-06-02 20:27:16'),
('5ad89ffd973a8cee7e16ebc3cf1ee974e3b8c525399b00de059d5cad69fe2eb25473165c366d7b71', 4, 1, 'authToken', '[]', 0, '2021-06-02 10:31:28', '2021-06-02 10:31:28', '2022-06-02 18:31:28'),
('5bd8e02bbc8da31b6e0e889bb3a9780a898484f4e3852491d85296eaa10c8ad1271dbdd6d160eef5', 4, 1, 'authToken', '[]', 0, '2021-05-31 22:48:18', '2021-05-31 22:48:18', '2022-06-01 06:48:18'),
('5e74839a4c5225d7776676e3b9302afdc7164e765ec54f4a4211be55a3c6924dab2e38e8a3783792', 4, 1, 'authToken', '[]', 0, '2021-06-06 23:54:35', '2021-06-06 23:54:35', '2022-06-07 07:54:35'),
('5f8851834411e83e077683daa51722494a18942ae2d95f80c28c2917a545286e9c4e920fb4217b25', 4, 1, 'authToken', '[]', 0, '2021-06-01 19:35:38', '2021-06-01 19:35:38', '2022-06-02 03:35:38'),
('60a4e3585eb18a66aab64cd80036b99748e25b80e02cabde2baf90226a0b9cd01fdbef0ef9c96e56', 4, 1, 'authToken', '[]', 0, '2021-05-31 19:30:52', '2021-05-31 19:30:52', '2022-06-01 03:30:52'),
('61642dc44dce385d3b2c5f03f458208a0a7c06076f9046ecadb3052b75145372a05fefd621481412', 4, 1, 'authToken', '[]', 0, '2021-06-01 19:40:25', '2021-06-01 19:40:25', '2022-06-02 03:40:25'),
('61f8ce0359a0810a9beeb1d679ed7d9d7f6899f2607b7a33817fcd93877eb74a55c7d7559ac8475f', 4, 1, 'authToken', '[]', 0, '2021-05-26 17:37:15', '2021-05-26 17:37:15', '2022-05-27 01:37:15'),
('62a2c270e1f8d2b8663e57f9ceb321a0762c66cc27e8f51d1613507b152bcbb9452583eb11ca0d31', 4, 1, 'authToken', '[]', 0, '2021-06-01 07:03:37', '2021-06-01 07:03:37', '2022-06-01 15:03:37'),
('63c92bbcefb1531e7069fd3f3f12607ce19b1455d7753c300eae94c99ade6b8479a383768827431c', 4, 1, 'authToken', '[]', 0, '2021-05-26 21:35:49', '2021-05-26 21:35:49', '2022-05-27 05:35:49'),
('6429047561d026763f2b5cb133fc8b26b8291955feda97a8c0a391815eb1f308d01a4bbec7d8075a', 4, 1, 'authToken', '[]', 0, '2021-06-02 17:56:10', '2021-06-02 17:56:10', '2022-06-03 01:56:10'),
('65a309125eb903a8d3a5d2b49c04b53160db025eeb8b85ef7a581102bc0f595ab42286df4e02550c', 4, 1, 'authToken', '[]', 0, '2021-05-26 21:26:37', '2021-05-26 21:26:37', '2022-05-27 05:26:37'),
('685b209e7119b02fd19c4e2e52e7ffde4ddacaef3d9b3d18917e0562ad03e64e603c4198b23ed2cc', 4, 1, 'authToken', '[]', 0, '2021-05-26 18:56:51', '2021-05-26 18:56:51', '2022-05-27 02:56:51'),
('68c7fb5b9642a637b0ec8809764e7bc5957c9e7ea04a8706a9a4f2790873695c97db7fb2ec52ad5a', 4, 1, 'authToken', '[]', 0, '2021-05-26 22:15:20', '2021-05-26 22:15:20', '2022-05-27 06:15:20'),
('6b1cf56a061dc43d0afe22570dca164a7829002d23d9945d11f0a539d6fc4c285684adcb0924551f', 4, 1, 'authToken', '[]', 0, '2021-05-26 21:06:39', '2021-05-26 21:06:39', '2022-05-27 05:06:39'),
('6b513970fc996eb0fb37147639f16cd32b1f6709d44ea337d2383c0e33c161026950588339814fae', 4, 1, 'authToken', '[]', 0, '2021-06-01 17:07:17', '2021-06-01 17:07:17', '2022-06-02 01:07:17'),
('70561422e00af400838b2ecaee5fd79217aa8afc7013079ef60d002b54448bd17cac7fdb1a5134c2', 4, 1, 'authToken', '[]', 0, '2021-05-26 18:11:34', '2021-05-26 18:11:34', '2022-05-27 02:11:34'),
('72d7ff172c6c2d8417f92820bda3b1b658e56e215e46ccba397d7cb2e9094ee6b8e9f0493c235862', 4, 1, 'authToken', '[]', 0, '2021-05-26 19:02:43', '2021-05-26 19:02:43', '2022-05-27 03:02:43'),
('75372aa4f36318c85906a4c58c5d7ef3a7b7becf536ce1ba9ea746fe86e92a855aa11036d110a836', 4, 1, 'authToken', '[]', 0, '2021-05-26 18:52:49', '2021-05-26 18:52:49', '2022-05-27 02:52:49'),
('755d5530811e1bebc69f274197a4bff1467bf891c0ed4f98e2d9c6e2e04ffe471d9f86a1219aca59', 4, 1, 'authToken', '[]', 0, '2021-05-26 18:16:01', '2021-05-26 18:16:01', '2022-05-27 02:16:01'),
('7ac9312358ca9aeb6ecc2a0cd992644c01e2db6658d8419de113a82580d98aacabbb94305db32c23', 4, 1, 'authToken', '[]', 0, '2021-05-26 17:35:11', '2021-05-26 17:35:11', '2022-05-27 01:35:11'),
('7ada01771d2cd7fb3bd50e90d8b0c8fcf4351f89bbd49fe1af9c2c70327086e0dfe84dda44455068', 4, 1, 'authToken', '[]', 0, '2021-06-06 17:07:53', '2021-06-06 17:07:53', '2022-06-07 01:07:53'),
('80fd0dc8588d57c793b726051b73f55120da0445628dfe2e1b6139a9806e4ac05af87bf61f18c920', 4, 1, 'authToken', '[]', 0, '2021-05-31 17:53:30', '2021-05-31 17:53:30', '2022-06-01 01:53:30'),
('814490bb571caaac385a49d4f1d9bd7c6700f7995a798e9aee70f430bd6f4030d3aa6878a9a36834', 4, 1, 'authToken', '[]', 0, '2021-05-26 22:08:11', '2021-05-26 22:08:11', '2022-05-27 06:08:11'),
('819f8be0220975364999a13ea611070ce5c9640c9f8f4ea9635175af2f09c515bfd4ff80db872613', 4, 1, 'authToken', '[]', 0, '2021-05-26 19:06:20', '2021-05-26 19:06:20', '2022-05-27 03:06:20'),
('81aa1f90bf76f76cfcf59cbbc8d3dbee4aad7599411154cab02d1e353ae2a1d6286b80d6784d444f', 4, 1, 'authToken', '[]', 0, '2021-05-31 17:05:23', '2021-05-31 17:05:23', '2022-06-01 01:05:23'),
('83ca912d21f8eff9187ec15ecc2dc38471b095db5ce6b64603ded07584f75613185a501ab89468b4', 4, 1, 'authToken', '[]', 0, '2021-05-31 23:19:06', '2021-05-31 23:19:06', '2022-06-01 07:19:06'),
('83ea5b877e85c9c964cf33a4ee7f42441fec3d89d7364fb95c3bb820a7095cd72eefab1807c588c3', 4, 1, 'authToken', '[]', 0, '2021-06-01 16:33:48', '2021-06-01 16:33:48', '2022-06-02 00:33:48'),
('840360e8077a6b0fbcd1a7c33661e4897d64d323ff5711200f4e8b7fc957b6c076a7c372e6d9175f', 4, 1, 'authToken', '[]', 0, '2021-06-07 17:26:45', '2021-06-07 17:26:45', '2022-06-08 01:26:45'),
('84bce0f0c0c59db4d8e83e1cd58b5baf22f4ec61d03d310817111530d96b4b4b7f9395c74a7379ad', 4, 1, 'authToken', '[]', 0, '2021-05-31 23:36:31', '2021-05-31 23:36:31', '2022-06-01 07:36:31'),
('86be09809ef9f322a6da1d40987778561472e1034347aab03f4a47d53c8faad29b78eef3e10df68f', 4, 1, 'authToken', '[]', 0, '2021-05-26 19:28:26', '2021-05-26 19:28:26', '2022-05-27 03:28:26'),
('886158ba003ea099c93e8df8605c68518e05c65f80499995d2d12a2316ee93241052f94b24e2135b', 4, 1, 'authToken', '[]', 0, '2021-05-26 17:11:55', '2021-05-26 17:11:55', '2022-05-27 01:11:55'),
('8a194c99a3eff45ec7fa875ff0ce7a77400004ddaccc147b612bddefb1764bd081f57f033f5eb950', 4, 1, 'authToken', '[]', 0, '2021-05-26 17:24:42', '2021-05-26 17:24:42', '2022-05-27 01:24:42'),
('8d38c2d0fdaa3331ea38709edb4d775d3751b80803f3e983295f5523089b00483f3c501e7779761a', 4, 1, 'authToken', '[]', 0, '2021-05-26 19:47:01', '2021-05-26 19:47:01', '2022-05-27 03:47:01'),
('8fb1b5ce3ab21c0d1dfabb395e7fcfa30912a3ee8e76581b9b1ba59e19f64469fc7bbfd2eb3b3e04', 4, 1, 'authToken', '[]', 0, '2021-06-03 19:29:59', '2021-06-03 19:29:59', '2022-06-04 03:29:59'),
('908f260884365e8539e1ec70c587b4b245269315012f394a4f3d042871452846d1fa39ba6547e004', 4, 1, 'authToken', '[]', 0, '2021-05-31 18:32:49', '2021-05-31 18:32:49', '2022-06-01 02:32:49'),
('9150820c7d87ce86cc48b3efa890ea3fdcf6307457dbce4934593e64b7643906c26640a4dc516b49', 4, 1, 'authToken', '[]', 0, '2021-05-30 22:49:48', '2021-05-30 22:49:48', '2022-05-31 06:49:48'),
('9215c31e15c164756f4b1c31ade67b637542e7a5661afbead24fa1328243c5e6196e767a10027d52', 4, 1, 'authToken', '[]', 0, '2021-06-03 16:28:11', '2021-06-03 16:28:11', '2022-06-04 00:28:11'),
('92975aea17df85b79d804a3a20a414f128a7eda796cc2c1dcf33bd7601f3dd8f646b86558a4c6e8f', 4, 1, 'authToken', '[]', 0, '2021-05-31 16:55:14', '2021-05-31 16:55:14', '2022-06-01 00:55:14'),
('935925a4100411496813229d002327e85b494da0f3c3b043c4c3f39179fe7fc16c9a3420b7415745', 4, 1, 'authToken', '[]', 0, '2021-06-01 21:39:12', '2021-06-01 21:39:12', '2022-06-02 05:39:12'),
('93fc63c63ae805da7a2a56bf839f7eb0cd7ef258f29d22b7d00cdf5413717ad71b7c62c2b7b90251', 4, 1, 'authToken', '[]', 0, '2021-06-01 23:11:51', '2021-06-01 23:11:51', '2022-06-02 07:11:51'),
('9409d19aa4716d0ae2528359f257d46c0550cdea00fa63cf2e42c66fa311aed93fd96f41fefcd990', 4, 1, 'authToken', '[]', 0, '2021-05-31 18:07:55', '2021-05-31 18:07:55', '2022-06-01 02:07:55'),
('949e8b15e4f0a0ae81b10d37a19a4841070cd8e545d634003e2a44042bf097d780b44e8191b424ee', 4, 1, 'authToken', '[]', 0, '2021-05-30 04:05:16', '2021-05-30 04:05:16', '2022-05-30 12:05:16'),
('94c599b4b2f0f939ebb471c10eb95b9ed4aa5e5d2a48070575dd6470c1c2b9dd685cbabdfe7bfee6', 4, 1, 'authToken', '[]', 0, '2021-05-27 08:12:35', '2021-05-27 08:12:35', '2022-05-27 16:12:35'),
('971110271a5d408bfcd372464d638855071821a3c8e1f9bf4a120c270f17a91edc664fc69260f566', 4, 1, 'authToken', '[]', 0, '2021-05-31 21:16:10', '2021-05-31 21:16:10', '2022-06-01 05:16:10'),
('97ff35661e9252d47589d3d1fc7275bd4b9fb8746a73671409739cf108305fca4875c397d82d261b', 4, 1, 'authToken', '[]', 0, '2021-06-01 19:51:38', '2021-06-01 19:51:38', '2022-06-02 03:51:38'),
('984a884f7f9f550e2c5ecc9dbc7ea38a2fe1ce1439d30495ddce176f05f054ce97f7c428d582b37b', 4, 1, 'authToken', '[]', 0, '2021-05-26 22:25:01', '2021-05-26 22:25:01', '2022-05-27 06:25:01'),
('996737505b105ea6ba4498df20abee0dfc0329194841411330912c38ce06385d664f9afe79852ce6', 4, 1, 'authToken', '[]', 0, '2021-05-30 22:18:37', '2021-05-30 22:18:37', '2022-05-31 06:18:37'),
('9978e395e63c38bfe51670cd25c521edbb2f822111e8d2d8d2749a66878ec0638e6868ea768e927f', 4, 1, 'authToken', '[]', 0, '2021-06-01 17:03:59', '2021-06-01 17:03:59', '2022-06-02 01:03:59'),
('9bca128339a96780f5ac0cbf467ad63a28f635daaf705833904994201a8456f3478ca5357575a27b', 4, 1, 'authToken', '[]', 0, '2021-06-07 19:03:00', '2021-06-07 19:03:00', '2022-06-08 03:03:00'),
('9cb21eb14ab2a1060773cdd4962b69c2604cd665107bff35e9df029c2e00370222e1476f6ef9be6d', 4, 1, 'authToken', '[]', 0, '2021-05-26 22:49:51', '2021-05-26 22:49:51', '2022-05-27 06:49:51'),
('9d04aec23f45bda74dff4e508e3120a239bcb07577fdbcbf5c9eb0e371debdbbda09d7a16a33e796', 4, 1, 'authToken', '[]', 0, '2021-06-02 17:56:43', '2021-06-02 17:56:43', '2022-06-03 01:56:43'),
('9dbf0964e29a9ab20402d8822a8661e641b62caf74d977f79ded1fede271abcc7919982e91438568', 4, 1, 'authToken', '[]', 0, '2021-06-01 19:41:26', '2021-06-01 19:41:26', '2022-06-02 03:41:26'),
('a29fc0b65239a9d919222615f834db0801089f89b400b94d185705255e639bcc9f565e3c72afde79', 4, 1, 'authToken', '[]', 0, '2021-05-26 17:42:45', '2021-05-26 17:42:45', '2022-05-27 01:42:45'),
('a598c3cf48f81a2aad26bd38e4baed44d16819b99e045aba8bf5526bf6fff3a0d0a2d1d379552913', 4, 1, 'authToken', '[]', 0, '2021-06-01 21:46:06', '2021-06-01 21:46:06', '2022-06-02 05:46:06'),
('a6da5bba218858ae2d53ef320e8dd1fa85e22464fee40dd71ea105ef011ac09c3e4ba2f27b8c8de4', 4, 1, 'authToken', '[]', 0, '2021-06-01 22:03:00', '2021-06-01 22:03:00', '2022-06-02 06:03:00'),
('a6f2298dc31dd805554c544eeecdff77171cdafbc1fae6c7a81df05f1164e477936f40bbc7b49dcb', 4, 1, 'authToken', '[]', 0, '2021-06-01 19:44:52', '2021-06-01 19:44:52', '2022-06-02 03:44:52'),
('a6fac8c0e9b60f04ac58cc814fc9da49be7cef5247eed800d6568fbc532d1593e61a1bcfde681c08', 4, 1, 'authToken', '[]', 0, '2021-05-27 07:42:41', '2021-05-27 07:42:41', '2022-05-27 15:42:41'),
('a7d47372811045fdc65be1b420b3998fd2cd47b9871c0cf8af7c3e32c919fdd284307acd648928dd', 4, 1, 'authToken', '[]', 0, '2021-05-27 07:56:27', '2021-05-27 07:56:27', '2022-05-27 15:56:27'),
('a7d47c4a1287d2536cb6758b3904e67213e96396303fd9f4daddc22005491dfc2c5e637bfc89d501', 4, 1, 'authToken', '[]', 0, '2021-06-01 17:06:41', '2021-06-01 17:06:41', '2022-06-02 01:06:41'),
('a85171a0fd99c07d3e58afa5926701ec378408087a05b54b3222df48181aff80cb463749f77bceaa', 4, 1, 'authToken', '[]', 0, '2021-06-07 09:05:13', '2021-06-07 09:05:13', '2022-06-07 17:05:13'),
('a8acbf3f41f17c508b93fe053d04acef7bad85279e2fe32b3ce25766ba78aaab27d97c5337fe7a8e', 4, 1, 'authToken', '[]', 0, '2021-06-02 09:55:11', '2021-06-02 09:55:11', '2022-06-02 17:55:11'),
('aa8ff9ab1f556ee1b7f4bbca5729c13b9eeaae1da863750a387684e92ad977c3baba0deb1330711f', 4, 1, 'authToken', '[]', 0, '2021-06-01 04:59:55', '2021-06-01 04:59:55', '2022-06-01 12:59:55'),
('ac0fb58ac6ae1a393a609a73856122c4738b7fe911064161d5a942cb474316725ec48182153b8ca7', 4, 1, 'authToken', '[]', 0, '2021-05-30 04:52:33', '2021-05-30 04:52:33', '2022-05-30 12:52:33'),
('acc52863538df9cf54536e9cedbf728226129791035cee203caf1126104b77d840c4a805069f4cce', 4, 1, 'authToken', '[]', 0, '2021-05-31 17:13:19', '2021-05-31 17:13:19', '2022-06-01 01:13:19'),
('acdb7ac42ce5bc86fbe0d428e3bcf2459b9ea69c12f36dfb74275af0893f7cb33779bcbc0a817973', 4, 1, 'authToken', '[]', 0, '2021-06-01 22:04:38', '2021-06-01 22:04:38', '2022-06-02 06:04:38'),
('adf2eced5784291147fed5f080a5ab4aca24faa8380a82ac5af45325aeb0d446c840ca499d908d21', 4, 1, 'authToken', '[]', 0, '2021-05-26 17:23:59', '2021-05-26 17:23:59', '2022-05-27 01:23:59'),
('afab324a3d075fc1e1147271c09faa6f3ec94fddafe6ca9a1dc77b26f8df25915a9810223bacb9d7', 4, 1, 'authToken', '[]', 0, '2021-05-30 04:21:11', '2021-05-30 04:21:11', '2022-05-30 12:21:11'),
('b09cc1b2f27cfe55535fdb943cd9d475fc446e8e97da024321a7df2c1fd7c4be73a12eebd369f1d2', 4, 1, 'authToken', '[]', 0, '2021-06-06 21:22:21', '2021-06-06 21:22:21', '2022-06-07 05:22:21'),
('b0ba64b9a5d3776b63969ea57da10039038f1485d6244643d3582b271f559cb93b524c4c6b91b772', 4, 1, 'authToken', '[]', 0, '2021-05-26 17:34:23', '2021-05-26 17:34:23', '2022-05-27 01:34:23'),
('b0e22c111c40754279fa3d6af200938fa91e4e53560572b7a9adeacaab59cad026e061dbb6f4f53d', 4, 1, 'authToken', '[]', 0, '2021-06-01 17:41:22', '2021-06-01 17:41:22', '2022-06-02 01:41:22'),
('b1d2db5dd66832f69bb2d46a732ff26e46b3d4a52c0e96f41c2274d7b4e03a9687b4c06b405a68bc', 4, 1, 'authToken', '[]', 0, '2021-05-26 22:19:20', '2021-05-26 22:19:20', '2022-05-27 06:19:20'),
('b2e1bbeb38b6a15ca27cdece388f3e312bbe0cfadd67c58b25c68077c45a3d09abd0e25eaf1b41b4', 4, 1, 'authToken', '[]', 0, '2021-06-01 17:11:32', '2021-06-01 17:11:32', '2022-06-02 01:11:32'),
('b7281163c35a3b0fb6d77ebca6defb96b4e5a3a4963b630cd860e166d0e61b04de21739b86c3aaab', 4, 1, 'authToken', '[]', 0, '2021-05-26 19:30:04', '2021-05-26 19:30:04', '2022-05-27 03:30:04'),
('b769892a6ed23928220c0b8cd9da38570a9c3a831318f383f0146ff5dd317d56b5739eb0a1369897', 4, 1, 'authToken', '[]', 0, '2021-05-31 19:23:05', '2021-05-31 19:23:05', '2022-06-01 03:23:05'),
('b9189aaf20f98209180078733478d47d3894e6ac9fa782f12f7f1f1997bec838e0748f416fb75230', 4, 1, 'authToken', '[]', 0, '2021-06-01 19:28:38', '2021-06-01 19:28:38', '2022-06-02 03:28:38'),
('b9313e4710698a2dd5dbb0b54aa7d95ae3a64e788e6fe9411da4b9340ff80f4b6e20dfd79d161713', 4, 1, 'authToken', '[]', 0, '2021-06-03 20:27:42', '2021-06-03 20:27:42', '2022-06-04 04:27:42'),
('b9cf12a2d7f11a9b03fbc420d0b288a8ac60e0dd1050072931d6d2c93e8c05dc0630802f27d19a17', 4, 1, 'authToken', '[]', 0, '2021-06-01 05:06:39', '2021-06-01 05:06:39', '2022-06-01 13:06:39'),
('baa6e3d4afae700c688419b71ba587b253a37e1f894d422acf167b03056b22eb87ac6c3ae11f6572', 4, 1, 'authToken', '[]', 0, '2021-06-01 16:30:40', '2021-06-01 16:30:40', '2022-06-02 00:30:40'),
('bbcb7c46a9c775e2cc89e74b03204cf199be781fb287dd590304160104275d80ebd9efe5c57cb43d', 4, 1, 'authToken', '[]', 0, '2021-05-30 06:10:09', '2021-05-30 06:10:09', '2022-05-30 14:10:09'),
('bbf3ea057fc803b625ad98b7ea28cfa2a6208894aeea602a0971bc188132bf5f9b82a220f6d84ff2', 4, 1, 'authToken', '[]', 0, '2021-05-26 17:37:32', '2021-05-26 17:37:32', '2022-05-27 01:37:32'),
('bc39273e7bd88723e65b49acaa5969f0afee86855eaf34ae6276021b7cb6f6a69286ce9283ed5cfe', 4, 1, 'authToken', '[]', 0, '2021-05-30 04:52:14', '2021-05-30 04:52:14', '2022-05-30 12:52:14'),
('bddeb6d332b225f0082be297b491ddb501361dda8175b6b8440b373e35ffbc9978bbcda8e7a8fe7e', 4, 1, 'authToken', '[]', 0, '2021-06-01 06:39:38', '2021-06-01 06:39:38', '2022-06-01 14:39:38'),
('bed0d8a21a82e58df6ba76d86c4e1cc7c30a032425ac20f59cf9a2c51687eb18723102b50cf67aef', 4, 1, 'authToken', '[]', 0, '2021-06-01 22:48:44', '2021-06-01 22:48:44', '2022-06-02 06:48:44'),
('bedfab5962807c933e45864432370e2163497985f98eb8ab259d8ce7b96fdc48aa4af63456f58cd2', 4, 1, 'authToken', '[]', 0, '2021-06-07 18:43:31', '2021-06-07 18:43:31', '2022-06-08 02:43:31'),
('bfc9aa0e2d554d325dfffdd7c503b615113cfb05ed52fa184999eb0802bb174a8958e7ec5b105b2f', 4, 1, 'authToken', '[]', 0, '2021-06-03 20:14:19', '2021-06-03 20:14:19', '2022-06-04 04:14:19'),
('c132c38b0813d4c36c71486ceee48bde45516f5a17686a6a9eb5b34d1aeb760617813ed74e7bf43c', 4, 1, 'authToken', '[]', 0, '2021-06-03 19:28:26', '2021-06-03 19:28:26', '2022-06-04 03:28:26'),
('c18958562de5a8b980d13ad0b101c4fd5faa698c753f7c17876ebdce08f2296b4ebbb13b147455af', 4, 1, 'authToken', '[]', 0, '2021-05-31 17:33:33', '2021-05-31 17:33:33', '2022-06-01 01:33:33'),
('c2ef24c5e76e845f0a7c3567c122a5fd7399392b368fd1d8614d550fcdff653567d58125ecbfb690', 4, 1, 'authToken', '[]', 0, '2021-05-31 19:30:27', '2021-05-31 19:30:27', '2022-06-01 03:30:27'),
('c2f425c853247770df0fd9c11289dc6c7014a2b2139d2ed3de43085944aa44e7edf71eb4cb73b72b', 4, 1, 'authToken', '[]', 0, '2021-06-01 22:13:50', '2021-06-01 22:13:50', '2022-06-02 06:13:50'),
('c62bf41a13907a1e2fa64732614e3b2f0b909c3c30f6b2dd59ceb3d399810e300e80b56d83788ff7', 4, 1, 'authToken', '[]', 0, '2021-06-01 19:30:49', '2021-06-01 19:30:49', '2022-06-02 03:30:49'),
('c687a67440b7e4ffb45906f488639a53a254313257f711212edd147b58e7ae97d4a150146324b01e', 4, 1, 'authToken', '[]', 0, '2021-06-01 22:00:15', '2021-06-01 22:00:15', '2022-06-02 06:00:15'),
('c7b6f211976815a0d039c6d99fe7f3bd3b4f5f9a8b9167cf6eb22c714e27ee8f8805a0d6d2c1b240', 4, 1, 'authToken', '[]', 0, '2021-05-31 19:36:58', '2021-05-31 19:36:58', '2022-06-01 03:36:58'),
('c9b28a60272ad9975c72faada0b4a4de54b8d8d0dbd1012bd9d587304caaebeee65bae6b1d0c51ea', 4, 1, 'authToken', '[]', 0, '2021-06-02 10:11:38', '2021-06-02 10:11:38', '2022-06-02 18:11:38'),
('ca34440c5495e6414e6afc4a118a03d1e56d5de60c0117ac6263e30e7e4db43e96ceebad7fdac87c', 4, 1, 'authToken', '[]', 0, '2021-05-31 18:56:26', '2021-05-31 18:56:26', '2022-06-01 02:56:26'),
('cca09586dde531ed116722fd921effa8e5a5120478cecf4a13c75d937eed99905221b9a39f364002', 4, 1, 'authToken', '[]', 0, '2021-06-01 05:06:13', '2021-06-01 05:06:13', '2022-06-01 13:06:13'),
('cd946ff4d4d0372fee367cdbfb0394d102b93a0f067684e2324bd8c322f95ed408c3d465f87ca9f1', 4, 1, 'authToken', '[]', 0, '2021-06-01 17:24:52', '2021-06-01 17:24:52', '2022-06-02 01:24:52'),
('cde2d244ec71437018fd0f81a59457f0b97e6f00e2ce51998dd93fb159ab6761400b07a2b8ef4730', 4, 1, 'authToken', '[]', 0, '2021-06-01 06:50:01', '2021-06-01 06:50:01', '2022-06-01 14:50:01'),
('d00a1c108c647fcbddd35a7f649a5bbf58e12d03d291d8fc79b13723aa99babc94ecc9f7728b4e78', 4, 1, 'authToken', '[]', 0, '2021-06-01 05:08:48', '2021-06-01 05:08:48', '2022-06-01 13:08:48'),
('d217f8d88285b7af66636353ce6658bcdce9e67ac0f0b49efc5515636caf1850b34baf2f9dc45679', 4, 1, 'authToken', '[]', 0, '2021-05-31 19:24:32', '2021-05-31 19:24:32', '2022-06-01 03:24:32'),
('d2497bdfbddce08707afb9241b7d7318ea9667cda6a5f38d19f8ff41df6b85e05cb8bfc1bc155fc1', 4, 1, 'authToken', '[]', 0, '2021-05-30 22:31:58', '2021-05-30 22:31:58', '2022-05-31 06:31:58'),
('d6d72a68e4bea996e9537d6dee6a8923184139f9bbc7df3ea5be1fd9befb5c1b10b8eb262b221ee3', 4, 1, 'authToken', '[]', 0, '2021-05-26 18:59:38', '2021-05-26 18:59:38', '2022-05-27 02:59:38'),
('d8937f1a50a860d776fe3293ae0799eab6cc5925712618edf336c2d39e5136acf9a45c96e79b94a2', 4, 1, 'authToken', '[]', 0, '2021-05-31 21:59:41', '2021-05-31 21:59:41', '2022-06-01 05:59:41'),
('d985dc0f47a38ab3be15228fde3fd8b38e702617f0028f6af43a19a36a4200f039d4fb66b0f98413', 4, 1, 'authToken', '[]', 0, '2021-05-31 18:11:11', '2021-05-31 18:11:11', '2022-06-01 02:11:11'),
('da37261c6fad9b88a45171f3bd3a89ef387bd3c6b4fac527565fe6b546cf89be8d9bc09bfe48b00d', 4, 1, 'authToken', '[]', 0, '2021-05-30 04:53:19', '2021-05-30 04:53:19', '2022-05-30 12:53:19'),
('da48ecf89042baa2c117c2241dd78ab23bad6ba445cc75eefd350553ab782d2f31cf4c322b044850', 4, 1, 'authToken', '[]', 0, '2021-06-11 17:53:19', '2021-06-11 17:53:19', '2022-06-12 01:53:19'),
('dd878df4d4e936536297c035e4239656df2b73ce54a6c74ffa7c8e158108357e3517d27887476ac7', 4, 1, 'authToken', '[]', 0, '2021-05-31 23:20:29', '2021-05-31 23:20:29', '2022-06-01 07:20:29'),
('e198f3f2079a9eaa05b346e05530a7dda03f565a8a4053ae030a2eeb1e566add920d8e7282f13258', 4, 1, 'authToken', '[]', 0, '2021-06-01 19:39:42', '2021-06-01 19:39:42', '2022-06-02 03:39:42'),
('e1bfed3219649564d3e47dcdff0f1a4328e41ef6d45fd7f330f1030fbc04461f2b75462619f7c734', 4, 1, 'authToken', '[]', 0, '2021-05-31 19:02:10', '2021-05-31 19:02:10', '2022-06-01 03:02:10'),
('e3550cf7a81c2ac94d5b3366ff1d09147721a61c270931fb01eac95e104048c270f7ecf1a7a847ff', 4, 1, 'authToken', '[]', 0, '2021-05-26 22:17:09', '2021-05-26 22:17:09', '2022-05-27 06:17:09'),
('e64a9ca199daf34623f1e043499564ea126c109a4fe703a643dca9f1d893f47f0a5a2e582f2af55e', 4, 1, 'authToken', '[]', 0, '2021-05-30 22:53:06', '2021-05-30 22:53:06', '2022-05-31 06:53:06'),
('e6a59ff64ec578ae369cfcacff625be185ac74a89afc8e812a9f28c96234014799a805d3821f1d8a', 4, 1, 'authToken', '[]', 0, '2021-06-01 05:19:59', '2021-06-01 05:19:59', '2022-06-01 13:19:59'),
('e74e3560667f2ce3fb9e95a8fe5738a1f53455c77cfe62e67350ac48e9329df2fbf8b2dd4e4a996c', 4, 1, 'authToken', '[]', 0, '2021-05-26 17:37:01', '2021-05-26 17:37:01', '2022-05-27 01:37:01'),
('e8605c432d7ebf2f074fa40e119825cb7232c13d929b29543aa9b74db46bc46803859b3b51a99f93', 4, 1, 'authToken', '[]', 0, '2021-06-06 21:20:40', '2021-06-06 21:20:40', '2022-06-07 05:20:40'),
('e955bc4ac5bca4764788ea1a17e2906e071846acbed19515ef7d1974a435f26807facc6948e3ee82', 4, 1, 'authToken', '[]', 0, '2021-06-01 21:21:01', '2021-06-01 21:21:01', '2022-06-02 05:21:01'),
('ea5294e7cc16a45773a56ede77344607032a6417a4c3889cffe96092f0e043b209f75ecf6729599d', 4, 1, 'authToken', '[]', 0, '2021-05-30 22:09:44', '2021-05-30 22:09:44', '2022-05-31 06:09:44'),
('eac058d99a3098ad8c8f90a853920fa83a7df127cef54af75a145b085c507004e0005c8356a5d406', 4, 1, 'authToken', '[]', 0, '2021-06-01 05:07:33', '2021-06-01 05:07:33', '2022-06-01 13:07:33'),
('ecc781aca6087c7cd5be36d0cd896564f280c118ec8b41e93a74b5b1dc7602d0015b0efac5d352cb', 4, 1, 'authToken', '[]', 0, '2021-05-03 21:50:15', '2021-05-03 21:50:15', '2022-05-04 05:50:15'),
('edcf8de3f3dc65f1c8c8a85fe2788b036d975676161f5800f784f2c7eb79d27d7b3f0aa663157b72', 4, 1, 'authToken', '[]', 0, '2021-05-27 07:24:31', '2021-05-27 07:24:31', '2022-05-27 15:24:31'),
('eee4aa371358f2bad8ce1c3a156c0253c19b1adbd791e2ba08f95c84c65b1bc71899cd2fe817aaad', 4, 1, 'authToken', '[]', 0, '2021-05-26 22:11:45', '2021-05-26 22:11:45', '2022-05-27 06:11:45'),
('ef0261fe5f1583c0ebbf14d202ee4c67c4301785cfd87e646184b4bb1b244cdc65dfaf4a277687f2', 4, 1, 'authToken', '[]', 0, '2021-06-01 16:56:42', '2021-06-01 16:56:42', '2022-06-02 00:56:42'),
('f0e4748a2677fe73ce608b5edd25b4720962b072e45b94e839fd76ec1a0b43ba88e4d0a6d7527447', 4, 1, 'authToken', '[]', 0, '2021-05-30 05:18:02', '2021-05-30 05:18:02', '2022-05-30 13:18:02'),
('f0f650997b9adc4544903ed95460672a81a69c3484d606a3dbac2e5cac8f3dcbc0f990a7cf2ab9f3', 4, 1, 'authToken', '[]', 0, '2021-06-12 19:14:56', '2021-06-12 19:14:56', '2022-06-13 03:14:56'),
('f1c51e03100204ed632fea151b7bc065e587c88b706c72f67e7e17de913c579670d79f74e15c6f14', 4, 1, 'authToken', '[]', 0, '2021-05-31 17:54:38', '2021-05-31 17:54:38', '2022-06-01 01:54:38'),
('f31adbc734d30a914947ee83a3a51c2ac4e3e3ad7c1811dc18f45a4df42ddd12d42adb60ef9f624f', 4, 1, 'authToken', '[]', 0, '2021-06-06 21:43:07', '2021-06-06 21:43:07', '2022-06-07 05:43:07'),
('f5fa6b4aa0cdb2c01bf8b1887e1dd859d6100af5430ab710fe25ca256757a364f33006a2a23e6c5d', 4, 1, 'authToken', '[]', 0, '2021-05-30 22:31:23', '2021-05-30 22:31:23', '2022-05-31 06:31:23'),
('f9fe0bb57bb050919deb3ae92e57d280a852af3b816a144267004c825c833b37d3deab38dabd8d98', 4, 1, 'authToken', '[]', 0, '2021-05-31 19:27:50', '2021-05-31 19:27:50', '2022-06-01 03:27:50'),
('fb32a1044cb500dd72a1ef96763838269bb0cb85b80319fd28013e415372dbe73737fa60f15f2300', 4, 1, 'authToken', '[]', 0, '2021-06-02 10:30:10', '2021-06-02 10:30:10', '2022-06-02 18:30:10'),
('fbd036dfd73a5c3d87eee2c2d0360d3f635a56d31dc2e7414f15f0e3b371181d17d4ed21230d91c8', 4, 1, 'authToken', '[]', 0, '2021-06-02 14:47:24', '2021-06-02 14:47:24', '2022-06-02 22:47:24'),
('fd52a1b286d2b6b8d35f9a2edd3e19f5e90cf78e0eedd3ee04f3d971ff18b921172b360b0d1b7a6a', 4, 1, 'authToken', '[]', 0, '2021-05-31 19:29:59', '2021-05-31 19:29:59', '2022-06-01 03:29:59'),
('fe3091b108015e5d3d87326adcccd3275fc324ec41a9491c56680f97279b1a2b7c1f1466e7fdcddc', 4, 1, 'authToken', '[]', 0, '2021-06-01 19:40:44', '2021-06-01 19:40:44', '2022-06-02 03:40:44'),
('ff4d15cd13d8d08f3068e7f577fda884eb36106e465407c6248a3dc3ed3f7cafeefe718d856ce887', 4, 1, 'authToken', '[]', 0, '2021-05-31 19:06:51', '2021-05-31 19:06:51', '2022-06-01 03:06:51');

-- --------------------------------------------------------

--
-- Table structure for table `oauth_auth_codes`
--

CREATE TABLE `oauth_auth_codes` (
  `id` varchar(100) COLLATE utf8mb4_unicode_ci NOT NULL,
  `user_id` bigint(20) UNSIGNED NOT NULL,
  `client_id` bigint(20) UNSIGNED NOT NULL,
  `scopes` text COLLATE utf8mb4_unicode_ci,
  `revoked` tinyint(1) NOT NULL,
  `expires_at` datetime DEFAULT NULL
) ENGINE=InnoDB DEFAULT CHARSET=utf8mb4 COLLATE=utf8mb4_unicode_ci;

-- --------------------------------------------------------

--
-- Table structure for table `oauth_clients`
--

CREATE TABLE `oauth_clients` (
  `id` bigint(20) UNSIGNED NOT NULL,
  `user_id` bigint(20) UNSIGNED DEFAULT NULL,
  `name` varchar(255) COLLATE utf8mb4_unicode_ci NOT NULL,
  `secret` varchar(100) COLLATE utf8mb4_unicode_ci DEFAULT NULL,
  `redirect` text COLLATE utf8mb4_unicode_ci NOT NULL,
  `personal_access_client` tinyint(1) NOT NULL,
  `password_client` tinyint(1) NOT NULL,
  `revoked` tinyint(1) NOT NULL,
  `created_at` timestamp NULL DEFAULT NULL,
  `updated_at` timestamp NULL DEFAULT NULL
) ENGINE=InnoDB DEFAULT CHARSET=utf8mb4 COLLATE=utf8mb4_unicode_ci;

--
-- Dumping data for table `oauth_clients`
--

INSERT INTO `oauth_clients` (`id`, `user_id`, `name`, `secret`, `redirect`, `personal_access_client`, `password_client`, `revoked`, `created_at`, `updated_at`) VALUES
(1, NULL, 'Laravel Personal Access Client', 'HuiuzgzVE9mPCGIbNZV29zkLV2e3yh1HT1fcvoxl', 'http://localhost', 1, 0, 0, '2021-04-01 21:45:09', '2021-04-01 21:45:09'),
(2, NULL, 'Laravel Password Grant Client', '2yM53YVduF0TarJWGInQQb5NicRnP22NqvWX4Bug', 'http://localhost', 0, 1, 0, '2021-04-01 21:45:09', '2021-04-01 21:45:09');

-- --------------------------------------------------------

--
-- Table structure for table `oauth_personal_access_clients`
--

CREATE TABLE `oauth_personal_access_clients` (
  `id` bigint(20) UNSIGNED NOT NULL,
  `client_id` bigint(20) UNSIGNED NOT NULL,
  `created_at` timestamp NULL DEFAULT NULL,
  `updated_at` timestamp NULL DEFAULT NULL
) ENGINE=InnoDB DEFAULT CHARSET=utf8mb4 COLLATE=utf8mb4_unicode_ci;

--
-- Dumping data for table `oauth_personal_access_clients`
--

INSERT INTO `oauth_personal_access_clients` (`id`, `client_id`, `created_at`, `updated_at`) VALUES
(1, 1, '2021-04-01 21:45:09', '2021-04-01 21:45:09');

-- --------------------------------------------------------

--
-- Table structure for table `oauth_refresh_tokens`
--

CREATE TABLE `oauth_refresh_tokens` (
  `id` varchar(100) COLLATE utf8mb4_unicode_ci NOT NULL,
  `access_token_id` varchar(100) COLLATE utf8mb4_unicode_ci NOT NULL,
  `revoked` tinyint(1) NOT NULL,
  `expires_at` datetime DEFAULT NULL
) ENGINE=InnoDB DEFAULT CHARSET=utf8mb4 COLLATE=utf8mb4_unicode_ci;

-- --------------------------------------------------------

--
-- Table structure for table `password_resets`
--

CREATE TABLE `password_resets` (
  `email` varchar(255) COLLATE utf8mb4_unicode_ci NOT NULL,
  `token` varchar(255) COLLATE utf8mb4_unicode_ci NOT NULL,
  `created_at` timestamp NULL DEFAULT NULL
) ENGINE=InnoDB DEFAULT CHARSET=utf8mb4 COLLATE=utf8mb4_unicode_ci;

-- --------------------------------------------------------

--
-- Table structure for table `periodes`
--

CREATE TABLE `periodes` (
  `id` bigint(20) UNSIGNED NOT NULL,
  `code` char(10) COLLATE utf8mb4_unicode_ci NOT NULL,
  `name` varchar(255) COLLATE utf8mb4_unicode_ci NOT NULL,
  `periode` varchar(255) COLLATE utf8mb4_unicode_ci NOT NULL,
  `created_at` timestamp NULL DEFAULT NULL,
  `updated_at` timestamp NULL DEFAULT NULL
) ENGINE=InnoDB DEFAULT CHARSET=utf8mb4 COLLATE=utf8mb4_unicode_ci;

--
-- Dumping data for table `periodes`
--

INSERT INTO `periodes` (`id`, `code`, `name`, `periode`, `created_at`, `updated_at`) VALUES
(2, '1', '2021-2022', '2021-2022', '2021-04-04 22:04:42', '2021-04-04 22:04:42'),
(3, '2', '2022-2023', '2022-2023', '2021-04-06 17:15:58', '2021-04-06 17:15:58');

-- --------------------------------------------------------

--
-- Table structure for table `permissions`
--

CREATE TABLE `permissions` (
  `id` int(10) UNSIGNED NOT NULL,
  `title` varchar(255) COLLATE utf8mb4_unicode_ci DEFAULT NULL,
  `created_at` timestamp NULL DEFAULT NULL,
  `updated_at` timestamp NULL DEFAULT NULL,
  `deleted_at` timestamp NULL DEFAULT NULL
) ENGINE=InnoDB DEFAULT CHARSET=utf8mb4 COLLATE=utf8mb4_unicode_ci;

--
-- Dumping data for table `permissions`
--

INSERT INTO `permissions` (`id`, `title`, `created_at`, `updated_at`, `deleted_at`) VALUES
(1, 'user_management_access', '2019-04-15 11:14:42', '2019-04-15 11:14:42', NULL),
(2, 'permission_create', '2019-04-15 11:14:42', '2019-04-15 11:14:42', NULL),
(3, 'permission_edit', '2019-04-15 11:14:42', '2019-04-15 11:14:42', NULL),
(4, 'permission_show', '2019-04-15 11:14:42', '2019-04-15 11:14:42', NULL),
(5, 'permission_delete', '2019-04-15 11:14:42', '2019-04-15 11:14:42', NULL),
(6, 'permission_access', '2019-04-15 11:14:42', '2019-04-15 11:14:42', NULL),
(7, 'role_create', '2019-04-15 11:14:42', '2019-04-15 11:14:42', NULL),
(8, 'role_edit', '2019-04-15 11:14:42', '2019-04-15 11:14:42', NULL),
(9, 'role_show', '2019-04-15 11:14:42', '2019-04-15 11:14:42', NULL),
(10, 'role_delete', '2019-04-15 11:14:42', '2019-04-15 11:14:42', NULL),
(11, 'role_access', '2019-04-15 11:14:42', '2019-04-15 11:14:42', NULL),
(12, 'user_create', '2019-04-15 11:14:42', '2019-04-15 11:14:42', NULL),
(13, 'user_edit', '2019-04-15 11:14:42', '2019-04-15 11:14:42', NULL),
(14, 'user_show', '2019-04-15 11:14:42', '2019-04-15 11:14:42', NULL),
(15, 'user_delete', '2019-04-15 11:14:42', '2019-04-15 11:14:42', NULL),
(16, 'user_access', '2019-04-15 11:14:42', '2019-04-15 11:14:42', NULL),
(17, 'product_create', '2019-04-15 11:14:42', '2021-03-25 19:00:15', '2021-03-25 19:00:15'),
(18, 'product_edit', '2019-04-15 11:14:42', '2021-03-25 19:00:15', '2021-03-25 19:00:15'),
(19, 'product_show', '2019-04-15 11:14:42', '2021-03-25 19:00:15', '2021-03-25 19:00:15'),
(20, 'product_delete', '2019-04-15 11:14:42', '2021-03-25 19:00:15', '2021-03-25 19:00:15'),
(21, 'product_access', '2019-04-15 11:14:42', '2021-03-25 19:00:15', '2021-03-25 19:00:15'),
(22, 'account_access', '2020-11-20 00:00:29', '2021-03-25 19:00:15', '2021-03-25 19:00:15'),
(23, 'account_create', '2020-11-20 00:01:58', '2021-03-25 19:00:15', '2021-03-25 19:00:15'),
(24, 'account_show', '2020-11-20 00:33:08', '2021-03-25 19:00:15', '2021-03-25 19:00:15'),
(25, 'account_edit', '2020-11-20 00:33:24', '2021-03-25 19:00:15', '2021-03-25 19:00:15'),
(26, 'account_delete', '2020-11-20 00:33:43', '2021-03-25 19:00:15', '2021-03-25 19:00:15'),
(27, 'cogsallocat_create', '2020-11-20 04:29:51', '2021-03-25 19:00:15', '2021-03-25 19:00:15'),
(28, 'cogsallocat_show', '2020-11-20 04:30:06', '2021-03-25 19:00:15', '2021-03-25 19:00:15'),
(29, 'cogsallocat_edit', '2020-11-20 04:30:17', '2021-03-25 19:00:15', '2021-03-25 19:00:15'),
(30, 'cogsallocat_delete', '2020-11-20 04:30:25', '2021-03-25 19:00:15', '2021-03-25 19:00:15'),
(31, 'cogsallocat_access', '2020-11-20 04:31:41', '2021-03-25 19:00:15', '2021-03-25 19:00:15'),
(32, 'accountsgroup_access', '2020-11-23 05:03:38', '2021-03-25 19:00:15', '2021-03-25 19:00:15'),
(33, 'accountsgroup_create', '2020-11-23 05:03:47', '2021-03-25 19:00:15', '2021-03-25 19:00:15'),
(34, 'accountsgroup_show', '2020-11-23 05:04:02', '2021-03-25 19:00:15', '2021-03-25 19:00:15'),
(35, 'accountsgroup_edit', '2020-11-23 05:04:26', '2021-03-25 19:00:15', '2021-03-25 19:00:15'),
(36, 'accountsgroup_delete', '2020-11-23 05:04:48', '2021-03-25 19:00:15', '2021-03-25 19:00:15'),
(37, 'order_access', '2020-11-25 18:22:11', '2021-03-25 19:00:15', '2021-03-25 19:00:15'),
(38, 'order_create', '2020-11-25 18:22:23', '2021-03-25 19:00:15', '2021-03-25 19:00:15'),
(39, 'order_edit', '2020-11-25 18:22:39', '2021-03-25 19:00:15', '2021-03-25 19:00:15'),
(40, 'order_show', '2020-11-25 18:23:14', '2021-03-25 19:00:15', '2021-03-25 19:00:15'),
(41, 'order_delete', '2020-11-25 18:23:29', '2021-03-25 19:00:15', '2021-03-25 19:00:15'),
(42, 'ledger_access', '2020-11-27 00:20:44', '2021-03-25 19:00:15', '2021-03-25 19:00:15'),
(43, 'ledger_create', '2020-11-27 00:20:53', '2021-03-25 19:00:15', '2021-03-25 19:00:15'),
(44, 'ledger_edit', '2020-11-27 00:21:07', '2021-03-25 19:00:15', '2021-03-25 19:00:15'),
(45, 'ledger_show', '2020-11-27 00:21:21', '2021-03-25 19:00:15', '2021-03-25 19:00:15'),
(46, 'ledger_delete', '2020-11-27 00:21:34', '2021-03-25 19:00:15', '2021-03-25 19:00:15'),
(47, 'package_access', '2020-12-03 04:52:49', '2021-03-25 19:00:15', '2021-03-25 19:00:15'),
(48, 'package_create', '2020-12-03 04:53:06', '2021-03-25 19:00:15', '2021-03-25 19:00:15'),
(49, 'package_edit', '2020-12-03 04:53:21', '2021-03-25 19:00:15', '2021-03-25 19:00:15'),
(50, 'package_show', '2020-12-03 04:53:35', '2021-03-25 19:00:15', '2021-03-25 19:00:15'),
(51, 'package_delete', '2020-12-03 04:53:46', '2021-03-25 19:00:15', '2021-03-25 19:00:15'),
(52, 'production_access', '2020-12-10 23:49:14', '2021-03-25 19:00:15', '2021-03-25 19:00:15'),
(53, 'production_create', '2020-12-10 23:49:25', '2021-03-25 19:00:15', '2021-03-25 19:00:15'),
(54, 'production_edit', '2020-12-10 23:50:06', '2021-03-25 19:00:15', '2021-03-25 19:00:15'),
(55, 'production_show', '2020-12-10 23:50:22', '2021-03-25 19:00:15', '2021-03-25 19:00:15'),
(56, 'production_delete', '2020-12-10 23:50:42', '2021-03-25 19:00:15', '2021-03-25 19:00:15'),
(57, 'customer_access', '2020-12-22 01:36:36', '2021-03-25 19:00:15', '2021-03-25 19:00:15'),
(58, 'customer_create', '2020-12-22 01:36:47', '2021-03-25 19:00:15', '2021-03-25 19:00:15'),
(59, 'customer_edit', '2020-12-22 01:36:58', '2021-03-25 19:00:15', '2021-03-25 19:00:15'),
(60, 'customer_show', '2020-12-22 01:37:09', '2021-03-25 19:00:15', '2021-03-25 19:00:15'),
(61, 'customer_delete', '2020-12-22 01:37:20', '2021-03-25 19:00:15', '2021-03-25 19:00:15'),
(62, 'member_access', '2020-12-22 21:56:53', '2021-03-25 19:00:15', '2021-03-25 19:00:15'),
(63, 'member_create', '2020-12-22 21:57:02', '2021-03-25 19:00:15', '2021-03-25 19:00:15'),
(64, 'member_edit', '2020-12-22 21:57:14', '2021-03-25 19:00:15', '2021-03-25 19:00:15'),
(65, 'member_show', '2020-12-22 21:57:22', '2021-03-25 19:00:15', '2021-03-25 19:00:15'),
(66, 'member_delete', '2020-12-22 21:57:32', '2021-03-25 19:00:15', '2021-03-25 19:00:15'),
(67, 'topup_access', '2020-12-25 05:07:17', '2021-03-25 19:00:15', '2021-03-25 19:00:15'),
(68, 'topup_create', '2020-12-25 05:07:28', '2021-03-25 19:00:15', '2021-03-25 19:00:15'),
(69, 'topup_edit', '2020-12-25 05:07:56', '2021-03-25 19:00:15', '2021-03-25 19:00:15'),
(70, 'topup_show', '2020-12-25 05:08:08', '2021-03-25 19:00:15', '2021-03-25 19:00:15'),
(71, 'topup_delete', '2020-12-25 05:08:17', '2021-03-25 19:00:15', '2021-03-25 19:00:15'),
(72, 'accbalance_access', '2021-01-02 16:41:23', '2021-03-25 19:00:15', '2021-03-25 19:00:15'),
(73, 'networkfee_access', '2021-01-05 01:06:05', '2021-03-25 19:00:15', '2021-03-25 19:00:15'),
(74, 'networkfee_create', '2021-01-05 01:06:18', '2021-03-25 19:00:15', '2021-03-25 19:00:15'),
(75, 'networkfee_edit', '2021-01-05 01:06:30', '2021-03-25 19:00:15', '2021-03-25 19:00:15'),
(76, 'networkfee_show', '2021-01-05 01:06:43', '2021-03-25 19:00:15', '2021-03-25 19:00:15'),
(77, 'networkfee_delete', '2021-01-05 01:06:55', '2021-03-25 19:00:15', '2021-03-25 19:00:15'),
(78, 'orderpoint_access', '2021-01-18 04:06:40', '2021-03-25 19:00:15', '2021-03-25 19:00:15'),
(79, 'withdraw_access', '2021-01-22 15:49:58', '2021-03-25 19:00:15', '2021-03-25 19:00:15'),
(80, 'withdraw_create', '2021-01-22 15:50:09', '2021-03-25 19:00:15', '2021-03-25 19:00:15'),
(81, 'withdraw_edit', '2021-01-22 15:50:36', '2021-03-25 19:00:15', '2021-03-25 19:00:15'),
(82, 'withdraw_show', '2021-01-22 15:50:51', '2021-03-25 19:00:15', '2021-03-25 19:00:15'),
(83, 'saleretur_access', '2021-03-03 23:24:15', '2021-03-25 19:00:15', '2021-03-25 19:00:15'),
(84, 'saleretur_create', '2021-03-03 23:24:26', '2021-03-25 19:00:15', '2021-03-25 19:00:15'),
(85, 'saleretur_edit', '2021-03-03 23:24:48', '2021-03-25 19:00:15', '2021-03-25 19:00:15'),
(86, 'saleretur_show', '2021-03-03 23:25:07', '2021-03-25 19:00:15', '2021-03-25 19:00:15'),
(87, 'saleretur_delete', '2021-03-06 16:24:43', '2021-03-25 19:00:15', '2021-03-25 19:00:15'),
(88, 'asset_access', '2021-03-20 19:35:20', '2021-03-25 19:00:15', '2021-03-25 19:00:15'),
(89, 'asset_create', '2021-03-20 19:35:34', '2021-03-25 19:00:15', '2021-03-25 19:00:15'),
(90, 'asset_edit', '2021-03-20 19:35:45', '2021-03-25 19:00:15', '2021-03-25 19:00:15'),
(91, 'asset_show', '2021-03-20 19:36:00', '2021-03-25 19:00:15', '2021-03-25 19:00:15'),
(92, 'student_acces', '2021-03-26 00:01:18', '2021-03-26 16:41:30', '2021-03-26 16:41:30'),
(93, 'student_add', '2021-03-26 16:40:13', '2021-03-26 16:40:18', '2021-03-26 16:40:18'),
(94, 'student_create', '2021-03-26 16:40:35', '2021-03-26 16:40:35', NULL),
(95, 'student_edit', '2021-03-26 16:40:48', '2021-03-26 16:40:48', NULL),
(96, 'student_show', '2021-03-26 16:41:01', '2021-03-26 16:41:24', NULL),
(97, 'student_delete', '2021-03-26 16:41:10', '2021-03-26 16:41:10', NULL),
(98, 'teacher_create', '2021-03-26 16:47:26', '2021-03-26 16:48:15', '2021-03-26 16:48:15'),
(99, 'teacher_edit', '2021-03-26 16:47:35', '2021-03-26 16:48:15', '2021-03-26 16:48:15'),
(100, 'teacher_show', '2021-03-26 16:47:43', '2021-03-26 16:48:06', '2021-03-26 16:48:06'),
(101, 'student_access', '2021-03-26 16:48:01', '2021-03-26 16:49:00', NULL),
(102, 'teacher_create', '2021-03-26 16:48:31', '2021-03-26 16:48:31', NULL),
(103, 'teacher_edit', '2021-03-26 16:48:37', '2021-03-26 16:48:37', NULL),
(104, 'teacher_show', '2021-03-26 16:48:41', '2021-03-26 16:48:41', NULL),
(105, 'teacher_delete', '2021-03-26 16:48:46', '2021-03-26 16:56:42', NULL),
(106, 'teacher_access', '2021-03-26 16:56:50', '2021-03-26 16:56:50', NULL),
(107, 'grade_create', '2021-03-26 17:12:04', '2021-03-26 17:12:04', NULL),
(108, 'grade_edit', '2021-03-26 17:12:30', '2021-03-26 17:12:30', NULL),
(109, 'grade_show', '2021-03-26 17:12:36', '2021-03-26 17:12:36', NULL),
(110, 'grade_delete', '2021-03-26 17:12:43', '2021-03-26 17:12:43', NULL),
(111, 'grade_access', '2021-03-26 17:12:51', '2021-03-26 17:12:51', NULL),
(112, 'subject_create', '2021-03-26 18:42:59', '2021-03-26 18:42:59', NULL),
(113, 'subject_edit', '2021-03-26 18:43:05', '2021-03-26 18:43:05', NULL),
(114, 'subject_show', '2021-03-26 18:43:12', '2021-03-26 18:43:12', NULL),
(115, 'subject_show', '2021-03-26 18:43:13', '2021-03-26 18:44:15', '2021-03-26 18:44:15'),
(116, 'subject_delete', '2021-03-26 18:43:20', '2021-03-26 18:43:20', NULL),
(117, 'subject_access', '2021-03-26 18:43:25', '2021-03-26 18:43:25', NULL),
(118, 'test_create', '2021-03-26 19:18:51', '2021-03-26 19:18:51', NULL),
(119, 'test_edit', '2021-03-26 19:18:59', '2021-03-26 19:18:59', NULL),
(120, 'test_show', '2021-03-26 19:19:06', '2021-03-26 19:19:06', NULL),
(121, 'test_delete', '2021-03-26 19:19:12', '2021-03-26 19:19:26', NULL),
(122, 'test_access', '2021-03-26 19:19:34', '2021-03-26 19:19:34', NULL),
(123, 'schedule_create', '2021-03-28 03:46:22', '2021-03-28 03:46:22', NULL),
(124, 'schedule_edit', '2021-03-28 03:46:33', '2021-03-28 03:46:33', NULL),
(125, 'schedule_edit', '2021-03-28 03:46:33', '2021-03-28 03:47:24', '2021-03-28 03:47:24'),
(126, 'schedule_delete', '2021-03-28 03:46:50', '2021-03-28 03:46:50', NULL),
(127, 'schedule_show', '2021-03-28 03:47:00', '2021-03-28 03:47:00', NULL),
(128, 'schedule_access', '2021-03-28 03:47:09', '2021-03-28 03:47:09', NULL),
(129, 'absent_create', '2021-03-28 05:10:49', '2021-03-28 05:10:49', NULL),
(130, 'absent_edit', '2021-03-28 05:10:55', '2021-03-28 05:10:55', NULL),
(131, 'absent_delete', '2021-03-28 05:11:03', '2021-03-28 05:11:03', NULL),
(132, 'absent_show', '2021-03-28 05:11:09', '2021-03-28 05:11:09', NULL),
(133, 'absent_access', '2021-03-28 05:11:15', '2021-03-28 05:11:15', NULL),
(134, 'bill_create', '2021-03-28 05:11:31', '2021-03-28 05:11:31', NULL),
(135, 'bill_edit', '2021-03-28 05:11:36', '2021-03-28 05:11:36', NULL),
(136, 'bill_delete', '2021-03-28 05:11:42', '2021-03-28 05:11:42', NULL),
(137, 'bill_show', '2021-03-28 05:11:47', '2021-03-31 19:34:19', '2021-03-31 19:34:19'),
(138, 'bill_access', '2021-03-28 05:12:41', '2021-03-31 19:34:19', '2021-03-31 19:34:19'),
(139, 'bill_access', '2021-03-28 05:12:42', '2021-03-28 05:13:00', '2021-03-28 05:13:00'),
(140, 'bill_access', '2021-03-31 19:34:30', '2021-03-31 19:34:30', NULL),
(141, 'bill_show', '2021-03-31 19:34:37', '2021-03-31 19:34:37', NULL),
(142, 'semester_create', '2021-04-04 21:24:22', '2021-04-04 21:24:22', NULL),
(143, 'semester_edit', '2021-04-04 21:24:38', '2021-04-04 21:24:38', NULL),
(144, 'semester_show', '2021-04-04 21:24:47', '2021-04-04 21:24:47', NULL),
(145, 'semester_delete', '2021-04-04 21:24:56', '2021-04-04 21:24:56', NULL),
(146, 'semester_access', '2021-04-04 21:25:05', '2021-04-04 21:25:05', NULL),
(147, 'periode_create', '2021-04-04 21:25:24', '2021-04-04 21:25:24', NULL),
(148, 'periode_edit', '2021-04-04 21:25:32', '2021-04-04 21:25:32', NULL),
(149, 'periode_show', '2021-04-04 21:25:41', '2021-04-04 21:25:41', NULL),
(150, 'periode_access', '2021-04-04 21:25:48', '2021-04-04 21:25:48', NULL),
(151, 'periode_delete', '2021-04-04 22:02:03', '2021-04-04 22:02:03', NULL),
(152, 'team_access', '2021-04-26 22:46:13', '2021-04-26 22:46:13', NULL),
(153, 'team_create', '2021-04-26 22:46:22', '2021-04-26 22:46:22', NULL),
(154, 'team_edit', '2021-04-26 22:46:30', '2021-04-26 22:46:30', NULL),
(155, 'team_show', '2021-04-26 22:46:36', '2021-04-26 22:46:36', NULL),
(156, 'team_delete', '2021-04-26 22:46:42', '2021-04-26 22:46:42', NULL);

-- --------------------------------------------------------

--
-- Table structure for table `permission_role`
--

CREATE TABLE `permission_role` (
  `role_id` int(10) UNSIGNED NOT NULL,
  `permission_id` int(10) UNSIGNED NOT NULL
) ENGINE=InnoDB DEFAULT CHARSET=utf8mb4 COLLATE=utf8mb4_unicode_ci;

--
-- Dumping data for table `permission_role`
--

INSERT INTO `permission_role` (`role_id`, `permission_id`) VALUES
(1, 17),
(1, 18),
(1, 19),
(1, 21),
(2, 17),
(2, 18),
(2, 19),
(2, 20),
(2, 21),
(1, 22),
(1, 23),
(1, 24),
(1, 37),
(1, 38),
(1, 40),
(1, 42),
(1, 43),
(1, 45),
(1, 47),
(1, 48),
(1, 49),
(1, 50),
(1, 52),
(1, 53),
(1, 54),
(1, 55),
(1, 57),
(1, 58),
(1, 59),
(1, 60),
(1, 62),
(1, 63),
(1, 64),
(1, 65),
(1, 67),
(1, 70),
(1, 72),
(1, 73),
(1, 74),
(1, 75),
(1, 76),
(1, 78),
(1, 79),
(1, 80),
(1, 81),
(1, 82),
(3, 1),
(3, 2),
(3, 3),
(3, 4),
(3, 5),
(3, 6),
(3, 7),
(3, 8),
(3, 9),
(3, 10),
(3, 11),
(3, 12),
(3, 13),
(3, 14),
(1, 66),
(1, 61),
(1, 83),
(1, 84),
(1, 86),
(1, 87),
(1, 88),
(1, 89),
(1, 90),
(1, 91),
(3, 16),
(3, 15),
(3, 94),
(3, 95),
(3, 96),
(3, 97),
(3, 101),
(3, 102),
(3, 103),
(3, 104),
(3, 105),
(3, 106),
(3, 107),
(3, 108),
(3, 109),
(3, 110),
(3, 111),
(3, 112),
(3, 113),
(3, 114),
(3, 116),
(3, 117),
(3, 118),
(3, 119),
(3, 120),
(3, 121),
(3, 122),
(3, 123),
(3, 124),
(3, 126),
(3, 127),
(3, 128),
(3, 129),
(3, 130),
(3, 131),
(3, 132),
(3, 133),
(3, 134),
(3, 135),
(3, 136),
(4, 1),
(4, 2),
(3, 140),
(3, 141),
(3, 142),
(3, 143),
(3, 144),
(3, 145),
(3, 147),
(3, 148),
(3, 149),
(3, 150),
(3, 146),
(3, 151),
(3, 152),
(3, 153),
(3, 154),
(3, 155),
(3, 156);

-- --------------------------------------------------------

--
-- Table structure for table `roles`
--

CREATE TABLE `roles` (
  `id` int(10) UNSIGNED NOT NULL,
  `title` varchar(255) COLLATE utf8mb4_unicode_ci DEFAULT NULL,
  `created_at` timestamp NULL DEFAULT NULL,
  `updated_at` timestamp NULL DEFAULT NULL,
  `deleted_at` timestamp NULL DEFAULT NULL
) ENGINE=InnoDB DEFAULT CHARSET=utf8mb4 COLLATE=utf8mb4_unicode_ci;

--
-- Dumping data for table `roles`
--

INSERT INTO `roles` (`id`, `title`, `created_at`, `updated_at`, `deleted_at`) VALUES
(1, 'Admin', '2019-04-15 11:13:32', '2019-04-15 11:13:32', NULL),
(2, 'User', '2019-04-15 11:13:32', '2019-04-15 11:13:32', NULL),
(3, 'Master', '2021-02-04 22:27:11', '2021-02-04 22:27:11', NULL),
(4, 'master1', '2021-03-28 17:14:58', '2021-03-28 17:15:03', '2021-03-28 17:15:03');

-- --------------------------------------------------------

--
-- Table structure for table `role_user`
--

CREATE TABLE `role_user` (
  `user_id` int(10) UNSIGNED NOT NULL,
  `role_id` int(10) UNSIGNED NOT NULL
) ENGINE=InnoDB DEFAULT CHARSET=utf8mb4 COLLATE=utf8mb4_unicode_ci;

--
-- Dumping data for table `role_user`
--

INSERT INTO `role_user` (`user_id`, `role_id`) VALUES
(1, 1),
(2, 3),
(3, 3),
(4, 3);

-- --------------------------------------------------------

--
-- Table structure for table `schedules`
--

CREATE TABLE `schedules` (
  `id` bigint(20) UNSIGNED NOT NULL,
  `code` char(10) COLLATE utf8mb4_unicode_ci NOT NULL,
  `register` enum('Sunday','Monday','Tuesday','Wednesday','Thursday','Friday','Saturday') COLLATE utf8mb4_unicode_ci NOT NULL,
  `grade_id` bigint(20) UNSIGNED NOT NULL,
  `semester_id` bigint(20) UNSIGNED NOT NULL,
  `periode_id` bigint(20) UNSIGNED NOT NULL,
  `created_at` timestamp NULL DEFAULT NULL,
  `updated_at` timestamp NULL DEFAULT NULL
) ENGINE=InnoDB DEFAULT CHARSET=utf8mb4 COLLATE=utf8mb4_unicode_ci;

--
-- Dumping data for table `schedules`
--

INSERT INTO `schedules` (`id`, `code`, `register`, `grade_id`, `semester_id`, `periode_id`, `created_at`, `updated_at`) VALUES
(21, 'JW001', 'Sunday', 1, 1, 2, '2021-04-28 18:59:40', '2021-04-28 18:59:40'),
(22, 'uf9', 'Tuesday', 5, 2, 2, '2021-05-31 20:05:42', '2021-05-31 20:05:42');

-- --------------------------------------------------------

--
-- Table structure for table `schedule_subjects`
--

CREATE TABLE `schedule_subjects` (
  `id` bigint(20) UNSIGNED NOT NULL,
  `schedule_id` bigint(20) UNSIGNED NOT NULL,
  `subject_id` bigint(20) UNSIGNED NOT NULL,
  `teacher_id` bigint(20) UNSIGNED NOT NULL,
  `end` varchar(255) COLLATE utf8mb4_unicode_ci NOT NULL,
  `start` varchar(255) COLLATE utf8mb4_unicode_ci NOT NULL,
  `created_at` timestamp NULL DEFAULT NULL,
  `updated_at` timestamp NULL DEFAULT NULL
) ENGINE=InnoDB DEFAULT CHARSET=utf8mb4 COLLATE=utf8mb4_unicode_ci;

--
-- Dumping data for table `schedule_subjects`
--

INSERT INTO `schedule_subjects` (`id`, `schedule_id`, `subject_id`, `teacher_id`, `end`, `start`, `created_at`, `updated_at`) VALUES
(1, 21, 1, 1, '11:00', '10:59', NULL, NULL),
(2, 22, 8, 1, '12:05', '12:07', NULL, NULL);

-- --------------------------------------------------------

--
-- Table structure for table `semesters`
--

CREATE TABLE `semesters` (
  `id` bigint(20) UNSIGNED NOT NULL,
  `code` char(10) COLLATE utf8mb4_unicode_ci NOT NULL,
  `name` varchar(255) COLLATE utf8mb4_unicode_ci NOT NULL,
  `description` varchar(255) COLLATE utf8mb4_unicode_ci NOT NULL,
  `created_at` timestamp NULL DEFAULT NULL,
  `updated_at` timestamp NULL DEFAULT NULL
) ENGINE=InnoDB DEFAULT CHARSET=utf8mb4 COLLATE=utf8mb4_unicode_ci;

--
-- Dumping data for table `semesters`
--

INSERT INTO `semesters` (`id`, `code`, `name`, `description`, `created_at`, `updated_at`) VALUES
(1, 'S1', 'Semester 1', '', '2021-04-28 18:26:50', '2021-04-28 18:26:50'),
(2, 'S2', 'Semester 2', '', '2021-04-28 18:27:01', '2021-04-28 18:27:01');

-- --------------------------------------------------------

--
-- Table structure for table `students`
--

CREATE TABLE `students` (
  `id` bigint(20) UNSIGNED NOT NULL,
  `code` char(50) COLLATE utf8mb4_unicode_ci NOT NULL,
  `name` varchar(255) COLLATE utf8mb4_unicode_ci NOT NULL,
  `alias` varchar(255) COLLATE utf8mb4_unicode_ci NOT NULL,
  `place` varchar(255) COLLATE utf8mb4_unicode_ci NOT NULL,
  `date` date NOT NULL,
  `address` varchar(255) COLLATE utf8mb4_unicode_ci NOT NULL,
  `village` varchar(255) COLLATE utf8mb4_unicode_ci NOT NULL,
  `district` varchar(255) COLLATE utf8mb4_unicode_ci NOT NULL,
  `regency` varchar(255) COLLATE utf8mb4_unicode_ci NOT NULL,
  `gender` enum('Laki-Laki','Perempuan') COLLATE utf8mb4_unicode_ci NOT NULL,
  `school` varchar(255) COLLATE utf8mb4_unicode_ci NOT NULL,
  `gradeoriginal` varchar(255) COLLATE utf8mb4_unicode_ci NOT NULL,
  `nisn` char(50) COLLATE utf8mb4_unicode_ci NOT NULL,
  `religion` varchar(255) COLLATE utf8mb4_unicode_ci NOT NULL,
  `email` char(50) COLLATE utf8mb4_unicode_ci NOT NULL,
  `phone` char(50) COLLATE utf8mb4_unicode_ci NOT NULL,
  `jerseynumber` int(11) NOT NULL,
  `jerseysize` char(10) COLLATE utf8mb4_unicode_ci NOT NULL,
  `fathername` varchar(255) COLLATE utf8mb4_unicode_ci NOT NULL,
  `fatherjob` varchar(255) COLLATE utf8mb4_unicode_ci NOT NULL,
  `fatherphone` char(50) COLLATE utf8mb4_unicode_ci NOT NULL,
  `mothername` varchar(255) COLLATE utf8mb4_unicode_ci NOT NULL,
  `motherjob` varchar(255) COLLATE utf8mb4_unicode_ci NOT NULL,
  `motherphone` char(50) COLLATE utf8mb4_unicode_ci NOT NULL,
  `photo` varchar(200) COLLATE utf8mb4_unicode_ci NOT NULL,
  `familylist` varchar(255) COLLATE utf8mb4_unicode_ci NOT NULL,
  `ijazah` varchar(255) COLLATE utf8mb4_unicode_ci NOT NULL,
  `birthcertificate` varchar(255) COLLATE utf8mb4_unicode_ci NOT NULL,
  `note` varchar(255) COLLATE utf8mb4_unicode_ci NOT NULL,
  `team_id` bigint(20) UNSIGNED NOT NULL,
  `position` varchar(255) COLLATE utf8mb4_unicode_ci NOT NULL,
  `register` date NOT NULL,
  `grade_id` bigint(20) UNSIGNED NOT NULL,
  `created_at` timestamp NULL DEFAULT NULL,
  `updated_at` timestamp NULL DEFAULT NULL
) ENGINE=InnoDB DEFAULT CHARSET=utf8mb4 COLLATE=utf8mb4_unicode_ci;

--
-- Dumping data for table `students`
--

INSERT INTO `students` (`id`, `code`, `name`, `alias`, `place`, `date`, `address`, `village`, `district`, `regency`, `gender`, `school`, `gradeoriginal`, `nisn`, `religion`, `email`, `phone`, `jerseynumber`, `jerseysize`, `fathername`, `fatherjob`, `fatherphone`, `mothername`, `motherjob`, `motherphone`, `photo`, `familylist`, `ijazah`, `birthcertificate`, `note`, `team_id`, `position`, `register`, `grade_id`, `created_at`, `updated_at`) VALUES
(2, 'PD.I.2020.002', 'I MADE ARCA SANCITA PRANA', 'ARCA', 'TABANAN', '2006-01-05', 'BR. BATAN BUAH', 'BERABAN', 'KEDIRI', 'TABANAN', 'Laki-Laki', 'SMP N 3 KEDIRI', 'VIII', '65478949', 'HINDU', '', '81237790928', 17, 'XL', 'I PUTU WISNU PUTRA', 'WIRASWASTA', '8123943771', '', '', '', '', '', '', '', '', 4, '', '0000-00-00', 5, '0000-00-00 00:00:00', '0000-00-00 00:00:00'),
(3, 'PD.I.2020.003', 'I GEDE BAGUS SASTRA WIGUNA', 'BAGUS S.W.', 'TABANAN', '2006-05-05', 'JALAN RAYA TANAH LOT, BR. BERABAN', 'BERABAN', 'KEDIRI', 'TABANAN', 'Laki-Laki', 'SMP N 3 KEDIRI', 'VIII', '67589012', 'HINDU', '', '85858679319', 19, 'M', 'I WAYAN YULIANA', 'WIRAUSAHA', '81337047924', '', '', '', '554b2823c8bf0df25da565531d71553d.jpg', '', '', '', '', 4, '', '0000-00-00', 5, '0000-00-00 00:00:00', '0000-00-00 00:00:00'),
(4, 'PD.I.2020.004', 'I DEWA PUTU ANANTHA MAHENDRA', 'ANANTHA', 'BUGBUGAN SARI', '2006-09-05', 'PERUM PERMATA LUHUR DAMAI A-18, PANDAK GEDE', 'PANDAK', 'KEDIRI', 'TABANAN', 'Laki-Laki', 'SMP N 1 KEDIRI', 'VIII', '65155774', 'HINDU', '', '81913717040', 10, 'M', 'NI NYOMAN BUDIASIH', 'WIRASWASTA', '82237611066', '', '', '', '', '', '', '', '', 4, '', '0000-00-00', 5, '0000-00-00 00:00:00', '0000-00-00 00:00:00'),
(5, 'PD.I.2020.005', 'A. A. PRADNYANA SATRIA W.', 'G. WAH SATRIA', 'DENPASAR', '2006-07-09', 'BANJAR TENGAH, KUKUH, MARGA', 'KUKUH', 'MARGA', 'TABANAN', 'Laki-Laki', 'SMP N 2 TABANAN', 'VII', '64520476', 'HINDU', '', '81770653568', 59, 'XL', 'A. A. RAHARJA', 'WIRASWASTA', '87761009776', '', '', '', '', '', '', '', '', 4, '', '0000-00-00', 5, '0000-00-00 00:00:00', '0000-00-00 00:00:00'),
(6, 'PD.I.2020.006', 'I KADEK SATRIA PERMADI', 'SATRIA', 'TABANAN', '2007-11-02', 'JALAN SRIWIJAYA NO.18, TABANAN', '', 'TABANAN', 'TABANAN', 'Laki-Laki', 'SMP N 1 TABANAN', 'VII', '79246986', 'HINDU', '', '87861937172', 17, 'XL', 'I WAYAN MUDI ASA', 'WIRASWASTA', '87861937172', '', '', '', '', '', '', '', '', 4, '', '0000-00-00', 4, '0000-00-00 00:00:00', '0000-00-00 00:00:00'),
(7, 'PD.I.2020.007', 'DEWA AGUNG GEDE KRISHNA DWIPAYANA', 'DEWA DE', 'TABANAN', '2009-11-22', 'JALAN MERPATI NO. 10 TABANAN', 'DAJAN PEKEN', 'TABANAN', 'TABANAN', 'Laki-Laki', 'SD NEGERI 2 DAJAN PEKEN', 'IV', '', 'HINDU', '', '87861245652', 7, 'M', 'DEWA AGUNG MADE PUTRA ANTARA', 'SWASTA', '87861245652', '', '', '', 'e975326258867d835e02504e24bafb0c.jpg', '', '', '', 'KURANG NOMOR NISN', 4, '', '0000-00-00', 3, '0000-00-00 00:00:00', '0000-00-00 00:00:00'),
(8, 'PD.I.2020.008', 'I GEDE RAMA KEN PRABUNING', 'RAMA', 'BONGAN GEDE', '2007-09-25', 'BANJAR BONGAN GEDE', 'BONGAN', 'TABANAN', 'TABANAN', 'Laki-Laki', 'SMP NEGERI 1 TABANAN', 'VII', '75578740', 'HINDU', '', '88977952703', 15, 'L', 'DONNY DARMAWAN', 'WIRASWASTA', '88977952703', '', '', '', '', '', '', '', '', 1, '', '0000-00-00', 4, '0000-00-00 00:00:00', '0000-00-00 00:00:00'),
(9, 'PD.I.2020.009', 'I KADEK GEDE ARYA WINATA', 'ARYA', 'TABANAN', '2007-10-23', 'BANJAR BONGAN PALA', 'BONGAN', 'TABANAN', 'TABANAN', 'Laki-Laki', 'SD', 'VI', '1.01E+15', 'HINDU', '', '87858747928', 23, 'M', 'I KETUT MULIARTA', 'WIRASWASTA', '87858747928', 'NI WAYAN JULIANI', '', '', '8f0d843c0dd5298a1ced4be2e54f7735.jpg', '', '', '', 'KURANG NAMA SEKOLAH', 4, '', '0000-00-00', 4, '0000-00-00 00:00:00', '0000-00-00 00:00:00'),
(10, 'PD.I.2020.010', 'I MADE GEDE ARTA YASA', 'GEYAS', 'WANAGIRI', '2008-09-01', 'BANJAR DINAS SARINBUANA', 'WANAGIRI', 'SELEMADEG TIMUR', 'TABANAN', 'Laki-Laki', 'SD NEGERI 3 WANAGIRI', 'VI', '86725716', 'HINDU', '', '8.81E+16', 18, 'XL', 'I GEDE SAPUTRA GIRI', 'WIRAUSAHA', '81999835888', '', '', '', '', '', '', '', '', 1, '', '0000-00-00', 4, '0000-00-00 00:00:00', '0000-00-00 00:00:00'),
(11, 'PD.I.2020.011', 'I PUTU YUKA YUDISTIRA WIBAWA', 'YUKA', 'TABANAN', '2008-01-07', 'BANJAR UMA DIWANG', 'BELAYU', 'MARGA', 'TABANAN', 'Laki-Laki', 'SD 2 BATAN NYUH', 'VI', '84139749', 'HINDU', '', '85738060191', 23, 'L', 'I MADE JELANTIK JAGADHITA WIBAWA', 'PEGAWAI SWASTA', '8191643829', '', '', '', 'de946ac3109da3c826628bdd53e4cad7.jpg', '', '', '', '', 4, '', '0000-00-00', 4, '0000-00-00 00:00:00', '0000-00-00 00:00:00'),
(12, 'PD.I.2020.012', 'PUTU DENIS AGUSTA DINATA', 'DENIS', 'TABANAN', '2009-05-25', 'BABAHAN', 'BABAHAN', 'PENEBEL', 'TABANAN', 'Laki-Laki', 'SD NEGERI 2 DENBANTAS', 'V', '92749549', 'HINDU', '', '85739360127', 6, 'M', 'KETUT SINDU', 'SWASTA', '85739360127', 'KADEK AGUSTINI', '', '', 'c0b73bca9c21029d29d7e1531c6fd01d.jpg', '', '', '', '', 4, '', '0000-00-00', 3, '0000-00-00 00:00:00', '0000-00-00 00:00:00'),
(13, 'PD.I.2020.013', 'I KADEK AGUS DWIPA ARTA', 'DWIPA', 'TABANAN', '2009-10-09', 'BANJAR SEMBUNG MERANGGI', 'SEMBUNG GEDE', 'KERAMBITAN', 'TABANAN', 'Laki-Laki', 'SD NEGERI 1 SEMBUNG GEDE', 'IV', '', 'HINDU', '', '82266113118', 0, 'M', 'I MADE RAI SUKANADA', 'SWASTA', '82266113118', '', '', '', '', '', '', '', 'KUANG NISN DAN NO PUNGGUNG', 1, '', '0000-00-00', 3, '0000-00-00 00:00:00', '0000-00-00 00:00:00'),
(14, 'PD.I.2020.014', 'GEDE PUTU DENDRA MAHESA H.', 'DEDE', 'TABANAN', '2007-06-30', 'JL. KRESNA NO. 4 TABANAN', '', 'TABANAN', 'TABANAN', 'Laki-Laki', 'SMP NEGERI 1 TABANAN', 'VII', '79049735', 'HINDU', '', '85858280559', 17, 'L', 'I WAYAN EDY HERYAWAN', 'SWASTA', '81237125159', '', '', '', '', '', '', '', '', 1, '', '0000-00-00', 4, '0000-00-00 00:00:00', '0000-00-00 00:00:00'),
(15, 'PD.I.2020.015', 'I GUSTI AGUNG KADE AGUS WINTARA', 'AGUS', 'TABANAN', '2008-12-08', 'BANJAR DINAS NGIS', 'JEGU', 'PENEBEL', 'TABANAN', 'Laki-Laki', 'SD NEGERI 3 JEGU', 'V', '', 'HINDU', '', '81339450690', 43, 'XL', 'I GUSTI AGUNG KADE ARKA SUSANA', 'SWASTA', '81338042844', '', '', '', '62d5cc5aa486ab1b929e97459ff20bd7.jpg', '', '', '', 'KURANG NISN', 4, '', '0000-00-00', 4, '0000-00-00 00:00:00', '0000-00-00 00:00:00'),
(16, 'PD.I.2020.016', 'I GUSTI PUTU RADITYA SWASTIKA', 'DIT', 'BR. NGIS KAJA', '2008-06-04', 'BANJAR NGIS KAJA', 'JEGU', 'PENEBEL', 'TABANAN', 'Laki-Laki', 'SD NEGERI 3 JEGU', 'VI', '83801861', 'HINDU', '', '82145219190', 11, 'L', 'I GUSTI PUTU EKADANA', 'SWASTA', '82145219290', '', '', '', '', '', '', '', '', 1, '', '0000-00-00', 4, '0000-00-00 00:00:00', '0000-00-00 00:00:00'),
(17, 'PD.I.2020.017', 'I KADEK AGUS RADITYA MAHA PUTRA', 'DEX TA', 'TABANAN', '2008-03-23', 'BR. DINAS NGIS KELOD', 'JEGU', 'PENEBEL', 'TABANAN', 'Laki-Laki', 'SD NEGERI 3 JEGU', 'VI', '87289072', 'HINDU', '', '81246250267', 8, 'L', 'I PUTU SUTAPA', 'PEGAWAI SWASTA', '87848963166', '', '', '', 'd69a5d4bbb5f9b0cd0609148926142d5.jpg', '', '', '', '', 4, '', '0000-00-00', 4, '0000-00-00 00:00:00', '0000-00-00 00:00:00'),
(18, 'PD.I.2020.018', 'I GEDE AGUS INDRA SASTRA SAPUTRA', 'SASTRA', 'TABANAN', '2007-05-06', 'BANJAR NGIS', 'JEGU', 'PENEBEL', 'TABANAN', 'Laki-Laki', 'SD NEGERI 3 JEGU', 'VI', '76959094', 'HINDU', '', '81936687279', 10, 'XL', 'I WAYAN SANTIKA', 'SWASTA', '81237267447', '', '', '', '', '', '', '', '', 1, '', '0000-00-00', 4, '0000-00-00 00:00:00', '0000-00-00 00:00:00'),
(19, 'PD.I.2020.019', 'DEWA MADE DWIPAYANDA PUTRA', 'DIVA', 'TABANAN', '2009-05-16', 'BR. DINAS SEMBUNG KUMPI', 'SEMBUNG GEDE', 'KERAMBITAN', 'TABANAN', 'Laki-Laki', 'SD NEGERI 3 SEMBUNG GEDE', 'V', '99321792', 'HINDU', '', '81805588376', 16, 'XL', 'DEWA MADE SINGGIH GUNARSA', 'PEGAWAI SWASTA', '81805588376', '', '', '', '', '', '', '', '', 1, '', '0000-00-00', 3, '0000-00-00 00:00:00', '0000-00-00 00:00:00'),
(20, 'PD.I.2020.020', 'I GUSTI BAGUS CANDRA WIGUNA PUTRA', 'GUS CANDRA', 'MEGATI', '2008-02-23', 'BR. DINAS MEGATI KELOD', 'MEGATI', 'SELEMADEG TIMUR', 'TABANAN', 'Laki-Laki', 'SMP NEGERI 1 SELEMADEG', 'VII', '83071335', 'HINDU', '', '85829131048', 14, 'XL', 'I GUSTI BAGUS WEDHA ARTA', 'WIRASWASTA', '85858067706', '', '', '', '', '', '', '', '', 1, '', '0000-00-00', 4, '0000-00-00 00:00:00', '0000-00-00 00:00:00'),
(21, 'PD.I.2020.021', 'I GEDE MANGKU SATYA WIGUNA', 'MANGKU', 'DENPASAR', '2009-03-10', 'JL. MAWAR NO. 18 BANJAR PUSEH', 'KEDIRI', 'KEDIRI', 'TABANAN', 'Laki-Laki', 'SDK ST MARIA IMMACULATA', 'V', '94935027', 'HINDU', '', '81999068062', 10, 'L', 'I WAYAN BUDI SETIAWAN', 'WIRASWASTA', '87850468966', '', '', '', '01f6023546376d25781aa9a53ee90e5c.jpg', '', '', '', '', 1, '', '0000-00-00', 3, '0000-00-00 00:00:00', '0000-00-00 00:00:00'),
(22, 'PD.I.2020.022', 'I NYOMAN TRIANA DANANJAYA', 'DANAN', 'TABANAN', '2008-04-28', 'BR. SUBAMIA DEN CARIK', 'SUBAMIA', 'TABANAN', 'TABANAN', 'Laki-Laki', 'SD NO 1 SUBAMIA', 'VI', '', 'HINDU', '', '83147657221', 43, 'L', 'I NENGAH ARSANA', 'PEGAWAI SWASTA', '82147659661', '', '', '', '5f74d40a65fe5cb3a72dd8382e54a34c.jpg', '', '', '', '', 4, '', '0000-00-00', 4, '0000-00-00 00:00:00', '0000-00-00 00:00:00'),
(23, 'PD.I.2020.023', 'I MADE RAKA BASKARA ABHIWIWEKA', 'ABHI', 'DENPASAR', '2009-05-24', 'BR. DINAS GELUNTUNG KAJA', 'GELUNTUNG', 'MARGA', 'TABANAN', 'Laki-Laki', 'SD NEGERI 1 GELUNTUNG', 'V', '91492295', 'HINDU', '', '85961440401', 8, 'M', 'I WAYAN SULASTRA', 'PEGAWAI SWASTA', '8179733435', 'NI WAYAN PASTINI', '', '', '999be44d2d83b56bdc3dc0a751493170.jpg', '', '', '', '', 4, '', '0000-00-00', 3, '0000-00-00 00:00:00', '0000-00-00 00:00:00'),
(24, 'PD.I.2020.024', 'I MADE WAHYU SANJAYA', 'WAHYU', 'TABANAN', '2008-08-08', 'BR. SUBAMIA DEN CARIK', 'SUBAMIA', 'TABANAN', 'TABANAN', 'Laki-Laki', 'SD NO 1 SUBAMIA', 'VI', '', 'HINDU', '', '', 59, 'XL', 'I WAYAN JUNI ARTA', 'SWASTA', '83114153854', '', '', '', '', '', '', '', '', 1, '', '0000-00-00', 4, '0000-00-00 00:00:00', '0000-00-00 00:00:00'),
(25, 'PD.I.2020.025', 'I MADE ADI NUGRAHA', 'ADI', 'DENPASAR', '2007-05-21', 'BR. BATAN POH', 'PANDAK GEDE', 'KEDIRI', 'TABANAN', 'Laki-Laki', 'SMP NEGERI 2 KEDIRI', 'VII', '79092174', 'HINDU', '', '82235146649', 0, '', 'I GEDE BUDI ARTAWAN', 'KARYAWAN SWASTA', '', 'I GUSTI AYU PUTU ANOM SETIANI', 'WIRASWASTA', '81339570682', '', '', '', '', '', 1, '', '0000-00-00', 4, '0000-00-00 00:00:00', '0000-00-00 00:00:00'),
(26, 'PD.I.2020.026', 'I PUTU YOGI ARTANA PUTRA', 'YOGI', 'SUBAMIA', '2007-09-29', 'BR. SUBAMIA DEN CARIK', 'SUBAMIA', 'TABANAN', 'TABANAN', 'Laki-Laki', 'SD NO 1 SUBAMIA', '', '', 'HINDU', '', '85954553663', 33, 'L', 'I WAYAN ARNAYADI', 'PEGAWAI DAERAH', '81933110204', '', '', '', '', '', '', '', 'KURANG NO. NISN DAN KELAS\r\nSERTAKAN FC IJAZAH TERKAHIR', 1, '', '0000-00-00', 4, '0000-00-00 00:00:00', '0000-00-00 00:00:00'),
(27, 'PD.I.2020.027', 'PUTU KRESNA DHARMA KUSUMA', 'DHARMA', 'TABANAN', '2011-10-06', 'BR. SUBAMIA BALE AGUNG', 'SUBAMIA', 'TABANAN', 'TABANAN', 'Laki-Laki', 'SD NO 2 SUBAMIA', 'III', '', 'HINDU', '', '83119584763', 7, 'S', 'I MADE SURYA DIAWAN', 'SWASTA', '83114584763', '', '', '', 'f307598ab474cfadcf5f983113a101f6.jpg', '', '', '', '', 4, '', '0000-00-00', 2, '0000-00-00 00:00:00', '0000-00-00 00:00:00'),
(28, 'PD.I.2020.028', 'I MADE AGUNG PRAWIRA', 'AGUNG', 'DENPASAR', '2010-05-17', 'BR. BUAHAN TENGAH', 'BUAHAN', 'TABANAN', 'TABANAN', 'Laki-Laki', 'SD NEGERI 1 DAJAN PEKEN', 'IV', '103616623', 'HINDU', '', '82145935509', 80, 'M', 'I MADE SUDIARTHA', 'POLRI', '', 'NI MADE EVI PUSPITAYANTHI', 'GURU', '82145935509', 'fad54966cf8a0bef5b51286a44566822.jpg', '', '', '', '', 4, '', '0000-00-00', 3, '0000-00-00 00:00:00', '0000-00-00 00:00:00'),
(29, 'PD.I.2020.029', 'I PUTU RICHIE JUJUANTARA', 'RICHIE', 'SUBAMIA', '2010-03-30', 'BR. SUBAMIA DEN CARIK', 'SUBAMIA', 'TABANAN', 'TABANAN', 'Laki-Laki', 'SD NO 1 SUBAMIA', 'IV', '103229535', 'HINDU', '', '81916001079', 77, 'M', 'I MADE SUARDIKA', 'SWASTA', '81916171844', '', '', '', 'f5e53478f9a18405bf3688cac9384242.jpg', '', '', '', '', 4, '', '0000-00-00', 3, '0000-00-00 00:00:00', '0000-00-00 00:00:00'),
(30, 'PD.I.2020.030', 'I PANDE AGUS DAMAR PUTRA PRATAMA', 'DAMAR', 'TABANAN', '2011-02-05', 'BR. PANDE', 'GUBUG', 'TABANAN', 'TABANAN', 'Laki-Laki', 'SDK ST MARIA IMMACULATA', 'III', '64201769', 'HINDU', '', '81916711838', 10, 'M', 'I MADE DWI GUNARSA', 'KARYAWAN SWASTA', '81916711838', 'NI PANDE WAYAN ERNI YUNITA', 'PERAWAT', '', 'c0e5376a6eb44b6963e98943dec860de.jpg', '', '', '', '', 4, '', '0000-00-00', 2, '0000-00-00 00:00:00', '0000-00-00 00:00:00'),
(31, 'PD.I.2020.031', 'I PUTU CAHYA SASTRANA', 'TUDE', 'TABANAN', '2010-04-04', 'BR. SUBAMIA BALE AGUNG', 'SUBAMIA', 'TABANAN', 'TABANAN', 'Laki-Laki', 'SD NO 2 SUBAMIA', 'IV', '', 'HINDU', '', '81999949497', 3, 'XL', 'I AGUS YUDI ADNYANA', 'KARYAWAN BUMD', '85232924394', 'NILUH LASTRIANI', 'IRT', '', 'e7325228c7b760d49a77cb688da79292.jpg', '', '', '', 'KUANG NOMOR NISN', 4, '', '0000-00-00', 3, '0000-00-00 00:00:00', '0000-00-00 00:00:00'),
(32, 'PD.I.2020.032', 'I NYOMAN GEDE FERDIANA', 'MANG EBI', 'TABANAN', '2010-02-05', 'BR. DEMUNG', 'KEDIRI', 'TABANAN', 'TABANAN', 'Laki-Laki', 'SD 8 KEDIRI', 'IV', '109018834', 'HINDU', '', '87861475718', 6, 'L', 'I MADE SILA ADNYANA', 'WIRAUSAHA', '87861475718', 'NI MADE AYU PIRANINGSIH', 'KARYAWAN SWASTA', '', '', '', '', '', '', 1, '', '0000-00-00', 3, '0000-00-00 00:00:00', '0000-00-00 00:00:00'),
(33, 'PD.I.2020.033', 'I PUTU RASTA EKA PRATAMA', 'RASTA', 'SUBAMIA', '2011-06-09', 'BR. SUBAMIA DEN CARIK', 'SUBAMIA', 'TABANAN', 'TABANAN', 'Laki-Laki', '', 'II', '111679060', 'HINDU', '', '85737006493', 10, 'S', 'I WAYAN YUDIANA', 'KARYAWAN SWASTA', '85737006493', 'NI MADE WINDIARI', 'KARYAWAN SWASTA', '', '27e53bae80ee9ebb0696a93328911e9b.jpg', '', '', '', 'KURANG NAMA SEKOLAH ', 4, '', '0000-00-00', 2, '0000-00-00 00:00:00', '0000-00-00 00:00:00'),
(34, 'PD.I.2020.034', 'I MADE RIZKY ARI SETIAWAN', 'RIZKY', 'TABANAN', '2010-09-30', 'BR. SUBAMIA DEN CARIK', 'SUBAMIA', 'TABANAN', 'TABANAN', 'Laki-Laki', 'SD NO 1 SUBAMIA', 'IV', '101157323', 'HINDU', '', '87864480681', 30, 'M', 'I WAYAN DARSANA', 'KARYAWAN SWASTA', '87860968250', 'LUH NIK SUSANTI', 'IRT', '', 'e5aff2781a1fcf2b33a1c9b0d6b1096c.jpg', '', '', '', 'KURANG NOMOR NISN', 4, '', '0000-00-00', 3, '0000-00-00 00:00:00', '0000-00-00 00:00:00'),
(35, 'PD.I.2020.035', 'I KADEK DEVA FAJAR JULIARTA', 'DEVA', 'TABANAN', '2011-07-14', 'BR. SUBAMIA AMBAL-AMBAL', 'SUBAMIA', 'TABANAN', 'TABANAN', 'Laki-Laki', 'SD NO 1 SUBAMIA', 'III', '', 'HINDU', '', '83119331923', 14, 'L', 'I NYOMAN ARIANA', 'PNS', '83848103236', 'DEWA AYU PUTU RATNA SULISTYAWATI', 'IRT', '', 'eb85ab93358e5aa37c457352540afc1d.jpg', '', '', '', 'KURANG NOMOR NISN', 4, '', '0000-00-00', 2, '0000-00-00 00:00:00', '0000-00-00 00:00:00'),
(36, 'PD.I.2020.036', 'I GEDE PUTU SIVA KERTA WIRAWAN', 'SIVA', 'TABANAN', '2010-12-30', 'JL. DANAU TOBA NO. 8 TABANAN', 'DELOD PEKEN', 'TABANAN', 'TABANAN', 'Laki-Laki', 'SD NEGERI 1 DAJAN PEKEN', 'III', '', 'HINDU', '', '87860466759', 7, 'XL', 'I GEDE PUTU ERWAN', 'KARYAWAN SWASTA', '87860466759', 'DESAK PUTU WIDIASIH', 'KARYAWAN SWASTA', '', '184f7b99789f15fb48c2f011ef721e78.jpg', '', '', '', 'KURANG NOMOR NISN', 1, '', '0000-00-00', 3, '0000-00-00 00:00:00', '0000-00-00 00:00:00'),
(37, 'PD.I.2020.037', 'I PUTU RADIKA DANAN JAYA', 'RADIKA', 'TEGALLINGGAH', '2012-11-16', 'BR. DINAS TEGALLINGGAH KELOD', 'TEGALLINGGAH', 'PENEBEL', 'TABANAN', 'Laki-Laki', 'SD NO 1 TEGALLINGGAH', 'I', '', 'HINDU', '', '81529081975', 13, 'M', 'I WAYAN SUKARTA', 'KARYAWAN SWASTA', '81529081975', 'NI MADE APRINA DEWI', 'KARYAWAN SWASTA', '', 'd0c3ef7f4d08adb0deeededfa9e47869.jpg', '', '', '', '', 4, '', '0000-00-00', 2, '0000-00-00 00:00:00', '0000-00-00 00:00:00'),
(38, 'PD.I.2020.038', 'I PUTU GALIH HARDYANA PUTRA', 'HARDY', 'NEGARA', '2012-02-05', 'PERUM TANAH BANG PERMAI BLOK D, NO. 41 / BR. TENGAH', 'MARGA DAJAN PURI', 'MARGA', 'TABANAN', 'Laki-Laki', 'SD NEGERI 4 MENGWITANI', 'II', '', 'HINDU', '', '82114096047', 12, 'XL', 'I WAYAN SASTRA PRASETYAWAN', 'POLRI', '82114096047', 'NI MADE DEVI DAMAYANTI', 'PNS', '', '', '', '', '', 'KURANG NOMOR NISN', 4, '', '0000-00-00', 2, '0000-00-00 00:00:00', '0000-00-00 00:00:00'),
(39, 'PD.I.2020.039', 'I PUTU DIVA DANA MERTA', 'DIVA', 'BR. BEDHA', '2021-06-18', 'BR. BEDHA', 'BONGAN', 'TABANAN', 'TABANAN', 'Laki-Laki', 'SD NEGERI 1 BONGAN', 'II', '121144720', 'HINDU', '', '87860729133', 18, 'M', 'I WAYAN YOGA ASTRAWAN', 'KARYAWAN SWASTA', '87860729133', 'NI WAYAN JULIASIH GIRI', 'KARYAWAN SWASTA', '', '', '', '', '', '', 4, '', '0000-00-00', 2, '0000-00-00 00:00:00', '0000-00-00 00:00:00'),
(40, 'PD.II.2020.040', 'I MADE TEDDY BAGUS HARTA', 'TEDDY', 'TABANAN', '2007-11-26', 'BR. DINAS TAGTAG', 'TEGALLINGGAH', 'PENEBEL', 'TABANAN', 'Laki-Laki', 'SD 1 TEGALLINGGAH', 'VI', '', 'HINDU', '', '81338677377', 26, 'L', 'I WAYAN RUDI ARSANA', 'WIRASWASTA', '81338677377', 'NI MADE YULI ARTINI', 'IRT', '', 'af2756de19c9bdfd0986859e2884da86.jpg', '', '', '', '', 4, '', '0000-00-00', 4, '0000-00-00 00:00:00', '0000-00-00 00:00:00'),
(41, 'PD.II.2020.041', 'IDA BAGUS KOMANG SANTIKA PUTRA', 'GUS MANG', 'TABANAN', '2007-12-17', 'DSN. ABIANLALANG', 'WANASARI', 'TABANAN', 'TABANAN', 'Laki-Laki', 'SD SARASWATI TABANAN', 'VI', '', 'HINDU', '', '81246873196', 0, '', 'IDA BAGUS KETUT PURNAMAYANA', 'PNS', '81337053236', 'NI NYOMAN HERNAWATI', 'PEDAGANG', '', 'e63dec735db44a6e3c09b93f41194756.jpg', '', '', '', 'KURANG NISN DAN NO. PUNGGUNG BAJU', 4, '', '0000-00-00', 4, '0000-00-00 00:00:00', '0000-00-00 00:00:00'),
(42, 'PD.II.2020.042', 'I GEDE FAJAR PRIANTHA', 'FAJAR', 'TABANAN', '2009-07-08', 'BR. BONGAN JAWA KAWAN', 'BONGAN', 'TABANAN', 'TABANAN', 'Laki-Laki', 'SD NEGERI 5 BONGAN', 'VI', '0097868676/803', 'HINDU', '', '81239849887', 77, 'L', '', '', '', 'IDA AYU MIRAH DEWI ANTARI', 'SWASTA', '81239849887', '3f58518126743e68ca1b283054d8667d.jpg', '', '', '', 'KURANG NOMOR NISIN, FC IJAZAH, AKTA KETAHIRAN DAN KARTU KELUARGA', 4, '', '0000-00-00', 3, '0000-00-00 00:00:00', '0000-00-00 00:00:00'),
(43, 'PD.II.2020.043', 'KOMANG PUTRA ANANDHITA SATRIA LEKSANA', 'ANAN', 'DENPASAR', '2007-09-07', 'JL. TUKAD YEH NU, BLOK 25, NO. 24, PERUM SANGGULAN', 'BANJAR ANYAR', 'KEDIRI', 'TABANAN', 'Laki-Laki', 'SMP NEGERI 2 TABANAN', 'VII', '65533420', 'HINDU', '', '81939186206', 9, 'L', 'I KETUT ARJA LEKSANA', 'PNS', '8123630083', 'NI KETUT DIAH MAHARINI', 'PNS', '', '209bdae9ce9610fded3018f3595d39e3.jpg', '', '', '', '', 4, '', '0000-00-00', 4, '0000-00-00 00:00:00', '0000-00-00 00:00:00'),
(44, 'PD.VII.2020.044', 'I PUTU ARYANADA INDIRA PRASTA', 'ARYA NADA', 'TABANAN', '2010-09-24', 'JL. ANGGREK, GG. III/8 TABANAN', 'DAUH PEKEN', 'TABANAN', 'TABANAN', 'Laki-Laki', 'SD NEGERI 1 DAUH PEKEN', 'III', '102340374', 'HINDU', '', '81337578171', 24, 'S', 'KETUT SUKA SAMIADA', 'GURU', '', 'KOMANG BUDI ARIANI', 'GURU', '', '', '', '', '', '', 1, '', '0000-00-00', 3, '0000-00-00 00:00:00', '0000-00-00 00:00:00'),
(45, 'PD.VII.2020.045', 'ALVIN MARCEILLO', 'ALVIN', 'DENPASAR', '2009-05-03', 'PERUM BC LAND, SENAPAHAN', 'BANJAR ANYAR', 'KEDIRI', 'TABANAN', 'Laki-Laki', 'MI-AL AMIN', 'VI', '98200277', 'ISLAM', '', '81238907600', 11, 'L', 'SUDARMO', 'KARYAWAN SWASTA', '', 'GERTRUDIS MARIA CECILLIA', 'IRT', '', 'b295b4a3ed515977eca6bf0e0bc4c34c.jpg', '', '', '', '', 1, '', '0000-00-00', 3, '0000-00-00 00:00:00', '0000-00-00 00:00:00'),
(46, 'PD.VII.2020.046', 'ALOYSIUS PATRICK OGUR', 'LUIS', 'TABANAN', '2013-04-30', 'BTN SENAPAHAN KAJA.', 'BANJAR ANYAR', 'KEDIRI', 'TABANAN', 'Laki-Laki', 'SD NO 6 DELOD PEKEN', 'II', '138026762', 'KATHOLIK', '', '81238907600', 12, 'M', 'HERIBERTUS OGUR', 'KARYAWAN SWASTA', '', 'ELISABETH MARIA HENDRICA', 'IRT', '', '', '', '', '', '', 1, '', '0000-00-00', 1, '0000-00-00 00:00:00', '0000-00-00 00:00:00'),
(47, 'PD.VII.2020.047', 'I GEDE JANAMEJAYA MAHARDIKA', 'JAYA', 'PENARUKAN', '2013-12-08', 'JL. ANGSA PUTIH NO. A1, BEDHA, TABANAN', 'BONGAN', 'TABANAN', 'TABANAN', 'Laki-Laki', 'SD NO 3 PNARUKAN', '1', '', 'HINDU', '', '81805593989', 8, 'M', 'I GEDE AGUS MARDIKA', 'WIRASWASTA', '', 'NI WAYAN SUKARYASIH', 'WIRASWASTA', '', '', '', '', '', '', 1, '', '0000-00-00', 1, '0000-00-00 00:00:00', '0000-00-00 00:00:00'),
(48, 'PD.VII.2020.048', 'I KETUT YOGA MAS SIWA ADITYA', 'MASSIWA', 'TABANAN', '2009-01-24', 'BR. KALANG ANYAR KAWAN, SUDIMARA', 'SUDIMARA', 'TABANAN', 'TABANAN', 'Laki-Laki', 'SDN 5 GUBUG', 'VI', '91676797', 'HINDU', '', '82236613733', 13, 'L', 'I MADE SUDIARTHA', 'KARYAWAN SWASTA', '', 'I KADEK MASTRIANI', 'KARYAWAN SWASTA', '', '4fa9ef4b7dc7d0b0780d683118a72858.jpg', '', '', '', '', 4, '', '0000-00-00', 3, '0000-00-00 00:00:00', '0000-00-00 00:00:00'),
(49, 'PD.VII.2020.049', 'I KADEK  ADITYA DARMA LAKSANA', 'ADIT', 'BR. CENGOLO', '2006-03-25', 'BR. CENGOLO, SUDIMARA', 'SUDIMARA', 'TABANAN', 'TABANAN', 'Laki-Laki', 'SMP NEGERI 5 TABANAN', 'IX', '61393566', 'HINDU', '', '83117286267', 8, 'M', 'I WAYAN SETIAWAN', 'KARYAWAN SWASTA', '', 'NI WAYAN MURIANI', 'KARYAWAN SWASTA', '', '', '', '', '', '', 4, '', '0000-00-00', 5, '0000-00-00 00:00:00', '0000-00-00 00:00:00'),
(50, 'PD.VIII.2020.050', 'I PUTU BAYU DIMAS PREMANA', 'BAYU', 'KEDIRI', '2006-03-21', 'BR. JAGASATRU', 'KEDIRI', 'KEDIRI', 'TABANAN', 'Laki-Laki', 'SMP NEGERI 1 KEDIRI', 'IX', '63029634', 'HINDU', '', '87809708429', 14, 'L', 'I NENGAH SURITA', 'PETANI/PEKEBUN', '', 'NI NENGAH RIMON', 'IRT', '', '', '', '', '', '', 4, '', '0000-00-00', 5, '0000-00-00 00:00:00', '0000-00-00 00:00:00'),
(51, 'PD.VIII.2020.051', 'I WAYAN WAWAN PERMANA PUTRA', 'WAWAN', 'DENPASAR', '2006-02-20', 'BR. BATAN BUAH', 'BERABAN', 'KEDIRI', 'TABANAN', 'Laki-Laki', 'SMP N 3 KEDIRI', 'IX', '65229008', 'HINDU', '', '8.81E+16', 21, 'M', 'I WAYAN SUDARMA', 'KARYAWAN SWASTA', '', 'NI WAYAN SRIASTINI', 'KARYAWAN SWASTA', '', '', '', '', '', '', 4, '', '0000-00-00', 5, '0000-00-00 00:00:00', '0000-00-00 00:00:00'),
(52, 'PD.VIII.2020.052', 'I PUTU ADI WIRA PRADANA', 'TU ADI', 'BR. TENGAH', '2010-02-18', 'BANJAR DINAS TENGAH', 'MARGA DAJAN PURI', 'MARGA', 'TABANAN', 'Laki-Laki', 'SDNO 1 MARGA DAJAN PURI', 'V', '', 'HINDU', '', '81236429121', 15, 'L', 'I MADE WIRA WEDANA', 'WIRASWASTA', '', 'SAYU GEDE SUKASRI', 'KARYAWAN SWASTA', '', '13c282de72793bb9947b508b69109337.jpg', '', '', '', 'KURANG IJAZAH TERAKHIR', 1, '', '0000-00-00', 3, '0000-00-00 00:00:00', '0000-00-00 00:00:00'),
(53, 'PD.VIII.2020.053', 'I KOMANG AGUS ARSANA', 'MANG AGUS', 'KARANGASEM', '2006-08-13', 'BANJAR BERABAN', 'DESA BERABAN', 'KEDIRI', 'TABANAN', 'Laki-Laki', 'SMP NEGERI 3 KEDIRI', 'IX', '61924078', 'HINDU', '', '81999580247', 14, 'M', 'I NENGAH DANA', 'WIRASWASTA', '', 'NI LUH SUMARSINI', 'WIRASWASTA', '', '', '', '', '', '', 4, '', '0000-00-00', 5, '0000-00-00 00:00:00', '0000-00-00 00:00:00'),
(54, 'PD.VIII.2020.054', 'MOCH. ADRYAN AFDAL AFDILLAH', 'RYAN', 'LUMAJANG', '2005-05-05', 'BTN GRIYA MULTI JADI BLOK C/ 12B.', 'KEDIRI', 'KEDIRI', 'TABANAN', 'Laki-Laki', 'SMPN 6 TABANAN', 'IX', '', 'ISLAM', '', '8.95E+16', 21, '', 'EFRI KRISTIANTO', 'WIRASWASTA', '', '', '', '', '', '', '', '', 'LENGKAPI :\r\n1. FC AKTA\r\n2. FC KK\r\n3. FC IJAZAH/RAPORT', 4, '', '0000-00-00', 5, '0000-00-00 00:00:00', '0000-00-00 00:00:00'),
(55, 'PD.VIII.2020.055', 'DEWA GEDE SUARDANA', 'DEWA', 'KLUNGKUNG', '2005-01-09', 'BR. JADI PISAH', 'KEDIRI', 'TABANAN', 'TABANAN', 'Laki-Laki', 'SMPN 3 KEDIRI', 'IX', '', 'HINDU', '', '81934380799', 11, 'L', 'DEWA KETUT OKA TULIS', 'PEDAGANG', '', '', '', '', '', '', '', '', 'LENGKAPI : 1. FC AKTA 2. FC FC KK 3. FC IJAZAH/RAPORT', 4, '', '0000-00-00', 5, '0000-00-00 00:00:00', '0000-00-00 00:00:00'),
(56, 'PD.VIII.2020.056', 'TAUFIK LAKSAMANA SAPUTRA', 'TAUFIK', 'BANYUWANGI', '2007-08-18', 'JL. TUKAD YEH NU BLOK 27 NO 29', 'BANJAR ANYAR', 'KEDIRI', 'TABANAN', 'Laki-Laki', 'SMPN 3 TABANAN', 'VII', '', 'ISLAM', '', '85792915346', 5, 'XL', 'SULIYANTO', 'WIRASWASTA', '', 'INUN KODRIYANTI', 'WIRASWASTA', '', '', '', '', '', 'LENGKAPI : FC IJAZAH/RAPORT', 1, '', '0000-00-00', 4, '0000-00-00 00:00:00', '0000-00-00 00:00:00'),
(57, 'PD.VIII.2020.057', 'MUHAMMAD RIZKY SAPUTRA', 'RIZKY', 'TABANAN', '2010-04-26', 'BR. TAMAN SARI ANYAR', 'BANJAR ANYAR', 'KEDIRI', 'TABANAN', 'Laki-Laki', 'SD 5 BANJAR ANYAR', 'IV', '101775883', 'ISLAM', '', '82247787916', 11, 'M', 'SUGENG RIADI', 'PEDAGANG', '', '', '', '', '59a37ec64204cd9ca2e9040aba976218.jpg', '', '', '', 'LENGKAPI : 1. FC KK 2. FC AKTA KELAHIRAN', 1, '', '0000-00-00', 3, '0000-00-00 00:00:00', '0000-00-00 00:00:00'),
(58, 'PD.VIII.2020.058', 'MADE KUSA MAHARTHA WIRAWAN', 'KUSA', 'PUNGGUL', '2010-01-27', 'BR. TENGAH PUNGGUL', 'PUNGGUL', 'ABIANSEMAL', 'BADUNG', 'Laki-Laki', 'SD NO 2 PUNGGUL', 'V', '102893924', 'HINDU', '', '87861575511', 4, 'M', 'I KOMANG TRISNA WIRAWAN', 'KARYAWAN SWASTA', '', 'NI NYOMAN MARTINI', 'IRT', '', '9ec593a522a2b08db68ac3fe213812c8.jpg', '', '', '', '', 1, '', '0000-00-00', 3, '0000-00-00 00:00:00', '0000-00-00 00:00:00'),
(59, 'PD.VIII.2020.059', 'I MADE AGUS DWIPAYANA PUTRA', 'DE AGUS', 'BERINGKIT', '2009-12-01', 'BR. BERINGKIT', 'BERINGKIT BELAYU', 'MARGA', 'TABANAN', 'Laki-Laki', 'SD NO 1 BERINGKIT', 'VI', '', 'HINDU', '', '', 71, 'M', 'I NYOMAN SUMERTA', 'WIRASWASTA', '', 'NI KETUT AYU SRI ARTATIK', 'IRT', '', 'ccb8dbfe1b1f99a8d1948b53e6a8d231.jpg', '', '', '', 'LENGKAPI NOMOR TLP/HP.', 4, '', '0000-00-00', 3, '0000-00-00 00:00:00', '0000-00-00 00:00:00'),
(60, 'PD.I.2020.001', 'I MADE ALVIN DWIARCITA', 'ALVIN', 'SIGARAN ', '2006-05-13', 'BR. SIGARAN', 'JEGU', 'PENEBEL', 'TABANAN', 'Laki-Laki', 'SMP N 1 PENEBEL', 'VIII', '64363906', 'HINDU', '', '81337389594', 13, 'M', 'I GEDE ARTAWAN', 'PNS', '', 'SUSANTI', 'WIRASWASTA', '', '', '', '', '', '', 4, '', '0000-00-00', 5, '0000-00-00 00:00:00', '0000-00-00 00:00:00'),
(61, 'PD.VIII.2020.060', 'I GUSTI GEDE EKA ADIGUNA', 'EKA ADIGUNA', 'WANAGIRI', '2007-09-01', 'JL. RAMA GANG 1, NO. 9 TAMAN SARI', 'DELOD PEKEN', 'TABANAN', 'TABANAN', 'Laki-Laki', 'SMP N 2 TABANAN', 'VIII', '78518306', 'HINDU', '', '85338232632', 9, 'M', '', '', '', 'NI GUSTI AYU PUTU SERI ARIWATI', 'PENGASUH', '', '59afa7c0b5b526d13a4105c9c65f347b.jpg', '', '', '', 'LENGKAPI : 1. FC AKTA 2. FC KK 3. FC IJAZAH TERAKHIR', 4, '', '0000-00-00', 4, '0000-00-00 00:00:00', '0000-00-00 00:00:00'),
(62, 'PD.VIII.2020.061', 'ARIF RACHMAN HAKIM', 'KIMMY', 'DENPASAR', '2007-11-05', 'JALAN ANGGREK GANG I c /04', 'DAUH PEKEN', 'TABANAN', 'TABANAN', 'Laki-Laki', 'SMP N 2 TABANAN', 'VIII', '71545769', 'ISLAM', '', '82147090164', 27, 'M (DEWASA)', 'MOH SUGENG ARIANTO', 'PEGAWAI SWASTA', '', 'ANI SETIAWATI', '', '', 'b8fac05262963c599fb11ce56e5355fd.jpg', '', '', '', '', 1, '', '0000-00-00', 4, '0000-00-00 00:00:00', '0000-00-00 00:00:00'),
(63, 'PD.VIII.2020.062', 'RAE DAUD JR', 'RAE', 'DENPASAR', '2006-07-02', 'JL. BATUKARU HUMA LESTARI 34 TUAKILANG', 'DENBANTAS', 'TABANAN', 'TABANAN', 'Laki-Laki', 'SMP NEGERI 1 TABANAN', 'IX', '', 'KRISTEN', '', '87861612999', 5, 'L DEWASA', 'JIMMY C. RADE ISH', 'PENGACARA', '85339092999', '', '', '', '', '', '', '', '', 1, '', '0000-00-00', 5, '0000-00-00 00:00:00', '0000-00-00 00:00:00'),
(64, 'PD.VIII.2020.063', 'I KOMANG PRYA GANGGA WENDANTARA', 'GANGGA', 'TABANAN', '2010-09-06', 'BR. CENGOLO', 'SUDIMARA', 'TABANAN', 'TABANAN', 'Laki-Laki', 'SD NEGERI 2 SUDIMARA', 'V', '101153263', 'HINDU', '', '81334527031', 1, 'L', 'I KETUT WEDA', 'PEGAWAI SWASTA', '8123653820', '', '', '', '330588bef92ffdc7bcd7721ad459d5d2.jpg', '', '', '', '', 1, '', '0000-00-00', 3, '0000-00-00 00:00:00', '0000-00-00 00:00:00'),
(65, 'PD.VIII.2020.064', 'I KADEK ANDRA DWI PUTRA', 'ANDRA', 'TABANAN', '2004-06-18', 'BR. DINAS TAJEN PANDE', 'TAJEN', 'PENEBEL', 'TABANAN', 'Laki-Laki', 'SD N 5 KEDIRI', 'I', '', 'HINDU', '', '81805521731', 7, 'S', 'I MADE DWI SULAKSANA', 'KARYAWAN SWASTA', '', 'NI LUH PUTU NOYANTI', 'KARYAWAN SWASTA', '', '', '', '', '', '', 1, '', '0000-00-00', 1, '0000-00-00 00:00:00', '0000-00-00 00:00:00'),
(66, 'PD.VIII.2020.065', 'I PUTU ADITYA PRATAMA YUDA', 'ADITYA', 'BADUNG', '2008-09-15', 'BR. BATU LUMBUNG, JL. RATNA, NO. 55, GULINGAN', 'GULINGAN', 'MENGWI', 'BADUNG', 'Laki-Laki', 'SD 6 GULINGAN', '6', '88735414', 'HINDU', '', '8.81E+16', 5, 'L', 'I MADE WINTARA', 'SWASTA', '88236808815', 'NI NYOMAN AYU TRISNA WATI', 'IRT', '', 'b6234fa045aa4be06219e8c58676e83e.jpg', '', '', '', '', 4, '', '0000-00-00', 4, '0000-00-00 00:00:00', '0000-00-00 00:00:00'),
(67, 'PD.VIII.2020.066', 'ILHAM MUBAROK', 'ILHAM', 'BANDUNG', '2008-10-08', 'JL. TUKKAD PETANU, BR. SANGGULAN', 'BANJAR ANYAR', 'KEDIRI', 'TABANAN', 'Laki-Laki', 'SD MI MA\'ARIF TABANAN', 'V', '2.51E+18', 'ISLAM', '', '', 10, 'L', 'IMAM JOHANI', 'WIRASWASTA', '85738992750', 'AAN ANGGRAENI', 'IRT', '', '', '', '', '', '', 1, '', '0000-00-00', 4, '0000-00-00 00:00:00', '0000-00-00 00:00:00'),
(68, 'PD.VIII.2020.067', 'I KOMANG ADITYA PUTRA PRATAMA', 'KOMANG', 'BADUNG', '2009-05-11', 'BAHA', 'BAHA', 'MENGWI', 'BADUNG', 'Laki-Laki', 'SD NO 2 BAHA', 'V', '', 'HINDU', '', '', 7, 'L', 'I WAYAN SUKARMA', 'PEGAWAI BUMD', '81353177011', 'NI MADE SWINANTARI', 'PEDAGANG', '', 'f9aad154b7956df73faa8c5f88d42fb6.jpg', '', '', '', '', 1, '', '0000-00-00', 3, '0000-00-00 00:00:00', '0000-00-00 00:00:00'),
(69, 'PD.IX.2020.068', 'IDA BAGUS PUTU ARI NANDA WISNU AMERTA', 'GUS NANDA', 'TABANAN', '2010-12-11', 'PERUM YEH DULANG BLOK D.3', 'SUBAMIA', 'TABANAN', 'TABANAN', 'Laki-Laki', 'SD NEGERI 1 PENEBEL', 'V', '', 'HINDU', '', '', 31, 'L', 'IDA BAGUS SUDIATMIKA', 'KARYAWAN SWASTA', '85238313438', 'NI NENGAH SRI HARYATI', 'GURU', '', 'dfec6d846a304708fbb9a213990ea582.jpg', '', '', '', '', 1, '', '0000-00-00', 3, '0000-00-00 00:00:00', '0000-00-00 00:00:00'),
(70, 'PD.IX.2020.069', 'I KADEK GALANG SURYA ADI NATA', 'GALANG', 'TABANAN', '2008-05-06', 'TEGALLINGGAH PONDOK', 'TEGALLINGGAH', 'PENEBEL', 'TABANAN', 'Laki-Laki', 'SD NEGERI 1 TEGALLINGGAH', 'VI', '83514668', 'HINDU', '', '8814753825', 6, 'L', 'I MADE PURWATA', 'SWASTA', '88703003238', 'NI NENGAH SUARBINI', 'SWASTA', '81239801781', '322a5af32ba30b6099a0eedf9d9b6e11.jpg', '', '', '', '', 4, '', '0000-00-00', 4, '0000-00-00 00:00:00', '0000-00-00 00:00:00'),
(71, 'PD.IX.2020.070', 'I MADE INDRA YUDHAYANA', 'INDRA', 'TABANAN', '2008-07-26', 'BR. CENGOLO', 'SUDIMARA', 'TABANAN', 'TABANAN', 'Laki-Laki', 'SMP N 5 TABANAN', 'VII', '81271984', 'HINDU', '', '8.78E+16', 88, 'XL', 'I MADE MIADA', 'KARYAWAN SWASTA', '85955319224', 'NI WAYAN SUTIARIYANTI', 'IRT', '', '4e84d54cd6a54317504f7663a9c81410.jpg', '', '', '', '', 4, '', '0000-00-00', 4, '0000-00-00 00:00:00', '0000-00-00 00:00:00'),
(72, 'PD.XI.2020.071', 'I PUTU EKA AVIN DHARMA NANTA', 'TU AVIN', 'JADI', '2009-02-20', 'LINGKUNGAN JADI', 'BANJAR ANYAR', 'KEDIRI', 'TABANAN', 'Laki-Laki', 'SD N 2 BANJAR ANYAR', 'VI', '', 'HINDU', '', '87756773361', 6, 'XL', 'I MADE KAMBALI', 'PEGAWAI SWASTA', '81338802765', 'NI NYOMAN PINA MUSPINA', '', '8.14E+16', '', '', '', '', '', 1, '', '0000-00-00', 3, '0000-00-00 00:00:00', '0000-00-00 00:00:00'),
(73, 'PD.XI.2020.072', 'BINTANG RAMADHAN', 'BINTANG R', 'SERANG', '2007-07-10', 'DUSUN SUMBER SARI', 'JAMBANGAN', 'DAMPIT', 'MALANG', 'Laki-Laki', '', 'VII', '69734298', 'ISLAM', '', '', 0, '', 'JUWANDI', 'WIRASWASTA', '', '', '', '', '', '', '', '', '', 4, '', '0000-00-00', 4, '0000-00-00 00:00:00', '0000-00-00 00:00:00'),
(74, 'PD.XI.2020.073', 'I KADEK BAGUS DWI SANTANA', 'DEK DWI', 'TAJUN', '2011-05-11', 'JL. BINGIN AMBE, G MANGGA, BR. TAMAN SARI ANYAR', 'BANJAR ANYAR', 'KEDIRI', 'TABANAN', 'Laki-Laki', '', '', '', 'HINDU', '', '81239578582', 10, 'M', 'WAYAN BUDIARNAYA', 'KARYAWAN SWASTA', '', 'NI KOMANG AYU CITRA YUNITA', 'KARYAWAN SWASTA', '', 'def9fb4932418b8c608e19c54eec9466.jpg', '', '', '', '', 4, '', '0000-00-00', 2, '0000-00-00 00:00:00', '0000-00-00 00:00:00'),
(75, 'PD.XI.2020.074', 'I KOMANG GEDE HARISNA DARMA PUTRA', 'HARISNA', 'TABANAN', '2008-02-05', 'BR. BATU AJI KAWAN KELOD', 'SEMBUNG GEDE', 'KERAMBITAN', 'TABANAN', 'Laki-Laki', 'SMP N 2 KERAMBITAN', 'VII', '89844596', 'HINDU', '', '81338345995', 59, 'M', 'I NYOMAN DARMAYASA', 'KARYAWAN SWASTA', '', 'NI KETUT SUARSIKI', 'IRT', '', '', '', '', '', '', 1, '', '0000-00-00', 4, '0000-00-00 00:00:00', '0000-00-00 00:00:00'),
(76, 'PD.XI.2020.075', 'I GUSTI KADEK DWIKY GANGGA SASTRA WIGUNA', 'DWIKY', 'TABANAN', '2011-10-01', 'JL. KS TUBUN 37 DAJAN PEKEN', 'DAJAN PEKEN', 'TABANAN', 'TABANAN', 'Laki-Laki', 'SDN 1 DAJAN PEKEN', 'IV', '104700979', 'HINDU', '', '87781464627', 7, '', 'I GUSTI PUTU TASTRAWAN', 'WIRASWASTA', '', 'NI MADE RATMINI', 'IRT', '', 'c0674350dabfd07fef0d3aeaf2441601.jpg', '', '', '', '', 4, '', '0000-00-00', 2, '0000-00-00 00:00:00', '0000-00-00 00:00:00'),
(77, 'PD.XI.2020.076', 'PUTU TEJA RUMANA KARTIKA', 'TEJA', 'BONGAN', '2012-05-21', 'BR, BONGAN JAWA KANGIN', 'BONGAN', 'TABANAN', 'TABANAN ', 'Laki-Laki', 'SD IMMACULATA', 'III', '', 'HINDU', '', '87861846866', 37, 'M', 'I PUTU GEDE ADI KARTIKA PUTRA', 'WIRAUSAHA', '', 'PUTU ISMA YANTI', 'IRT', '', '24c09c0deb5b82b8c4f425d7eb5155d0.jpg', '', '', '', '', 4, '', '0000-00-00', 2, '0000-00-00 00:00:00', '0000-00-00 00:00:00'),
(78, 'PD.XI.2020.077', 'IKHBAR ASYKAR AKHDAN', 'IKHBAR', 'BLORA', '2011-01-22', 'BR. TAMAN SARI ANYAR', 'BANJAR ANYAR', 'KEDIRI', 'TABANAN', 'Laki-Laki', 'SD MUHAMMADIYAH TABANAN', 'IV', '1.15E+18', 'ISLAM', '', '81529976750', 41, 'M', 'MOHAMAD AMIN', 'PEDAGANG', '', '', '', '', '47439fe87914fcb5769c66febf84a63b.jpg', '', '', '', '', 4, '', '0000-00-00', 2, '0000-00-00 00:00:00', '0000-00-00 00:00:00'),
(79, 'PD.XI.2020.078', 'I PUTU BAGUS FEBRIAN UTAMA', 'FEBRI', 'TABANAN', '2011-02-23', 'BR. PENGEMBUNGAN', 'TEGAL JADI', 'MARGA', 'TABANAN', 'Laki-Laki', 'SD SARASWATI TABANAN', 'IV', '115882257', 'HINDU', '', '85338225700', 0, '', 'I PUTU SUDIARTANA', 'KARYAWAN SWASTA', '', 'NI GUSTI AYU PUTU KARINA MARTHA SARI', 'IRT', '', 'd84a6f407656ac161932bd6191df255d.jpg', '', '', '', '', 4, '', '0000-00-00', 2, '0000-00-00 00:00:00', '0000-00-00 00:00:00'),
(80, 'PD.XI.2020.080', 'I GST NGRH BAGUS WIRA P.H', 'BAGUS WIRA', 'DENPASAR', '2006-03-27', 'BR. PENARUKAN TENGAH KELOD', 'PENARUKAN', 'KERAMBITAN', 'TABANAN', 'Laki-Laki', 'SMPN 1 KERAMBITAN', 'IX', '66299950', 'HINDU', '', '81802109089', 9, 'L', 'I GST A. HERMAWAN', 'SWASTA', '81353515971', '', '', '', '', '', '', '', '', 4, '', '0000-00-00', 5, '0000-00-00 00:00:00', '0000-00-00 00:00:00'),
(81, 'PD.XII.2020.081', 'I PUTU WAHYU SANTANA PUTRA', 'WAHYU', 'TABANAN', '0000-00-00', 'BR. BONGAN JAWA KANGIN', 'BONGAN', 'TABANAN', 'TABANAN', 'Laki-Laki', 'TK DEWI KUMARA', '', '', 'HINDU', '', '87756286346', 15, 'M', 'I NYOMAN ADI APRIANTA', 'SWASTA', '', '', '', '', '', '', '', '', 'BELUM MENGUMPULKAN FC KK, AKTA DAN NO NISN', 1, '', '0000-00-00', 1, '0000-00-00 00:00:00', '0000-00-00 00:00:00'),
(82, 'PD.XII.2020.082', 'I KOMANG AGUS HENDRA TRI WARDANA', 'MANG HENDRA', 'TABANAN', '2007-02-14', 'BR. AMBENGAN', 'GUBUG', 'TABANAN', 'TABANAN', 'Laki-Laki', 'SMP N 2 TABANAN', 'VIII', '72274777', 'HINDU', '', '87759206048', 24, 'M', 'I NENGAH SUDARWA', 'WIRASWASTA', '', 'NI MADE WIRATI', 'IRT', '82342548824', '17bfee5d8d8230a1856e7675521ad63d.jpg', '', '', '', '', 4, '', '0000-00-00', 4, '0000-00-00 00:00:00', '0000-00-00 00:00:00'),
(83, 'PD.XII.2020.083', 'I GEDE MADE ARDIYASA', 'ARDI', 'TABANAN', '2008-04-11', 'JL. GUNUNG AGUNG NO.32 TABANAN', 'DAJAN PEKEN', 'TABANAN', 'TABANAN', 'Laki-Laki', 'SMP N 2 TABANAN', 'VII', '83578460', 'HINDU', '', '8993178475', 1, 'L', 'I KETUT GEDE JONI ARTANA', 'KARYAWAN SWASTA', '81238023286', 'I GUSTI AYU NYOMAN NUADI', 'KARYAWAN SWASTA', '8980169226', 'db3e5e4e55d68fc9aa87123afc234c93.jpg', '', '', '', '', 4, '', '0000-00-00', 4, '0000-00-00 00:00:00', '0000-00-00 00:00:00'),
(84, 'PD.XII.2020.084', 'I GEDE AGUS DIVA PRATAMA SETIAWAN', 'DIVA', 'BUAHAN', '2008-07-01', 'DUSUN BUAHAN UTARA', 'BUAHAN', 'TABANAN', 'TABANAN', 'Laki-Laki', 'SMP N 2 TABANAN', 'VII', '50101393', 'HINDU', '', '85792997988', 7, 'L', 'I GEDE AGUS EVAN DIAN', 'SWASTA', '', 'NI LUH MADE DEWI PURNAMI', 'SWASTA', '', '', '', '', '', 'PESANAN BAJU BARU (BELUM BAYAR)', 4, '', '0000-00-00', 4, '0000-00-00 00:00:00', '0000-00-00 00:00:00'),
(85, 'PD.XII.2020.085', 'I GUSTI AGUNG KOMANG ANGGARA SEDANA PUTRA', 'AGUNG ANGGA', 'TABANAN', '2011-08-03', 'BR. BAKISAN', 'DENBANTAS', 'TABANAN', 'TABANAN', 'Laki-Laki', 'SD N 7 KEDIRI', 'IV', '', 'HINDU', '', '81558578203', 17, 'L', 'I GUSTI AGUNG GEDE GARMANA', 'SWASTA', '', 'SILUH KADE PURNIATI', 'PEDAGANG', '', 'e49002d6589d2f85fbac59fdc1f1b47d.jpg', '', '', '', 'BELUM ADA NO. PUNGGUNG DAN UKURAN BAJU ', 4, '', '0000-00-00', 2, '0000-00-00 00:00:00', '0000-00-00 00:00:00'),
(86, 'PD.XII.2020.086', 'IDA BAGUS PUTU GIRI PRASTA MAHESWARA', 'GUS GIRI', 'TABANAN', '2011-10-27', 'BR. TUNJUK TENGAH', 'TUNJUK', 'TABANAN', 'TABANAN', 'Laki-Laki', 'SD 5 DELOD PEKEN', 'III', '', 'HINDU', '', '81915623572', 27, 'M', 'IDA BAGUS NYOMAN GEDE SURYA WIDYATMIKA', 'KARYAWAN SWASTA', '', 'NI PUTU HENY DIANTARI', 'KARYAWAN SWASTA', '', '', '', '', '', 'KURANG NISN', 1, '', '0000-00-00', 2, '0000-00-00 00:00:00', '0000-00-00 00:00:00'),
(87, 'PD.I.2021.087', 'I GEDE MADE ANANDA WIRA PUTRA', 'ANANDA', 'MARGA', '2005-12-07', 'BR. DINAS OLE', 'MARGA DAUH PURI', 'MARGA', 'TABANAN', 'Laki-Laki', 'SMP N 1 MARGA', 'IX', '56091689', 'HINDU', '', '81238671780', 12, 'L', 'I WAYAN WIRA PUTRA', 'KARYAWAN SWASTA', '', 'NI PUTU HENDI YENDAWATI', 'KARYAWAN SWASTA', '', '', '', '', '', '', 4, '', '0000-00-00', 5, '0000-00-00 00:00:00', '0000-00-00 00:00:00'),
(88, 'PD.I.2021.088', 'I GEDE REVAN ANGGARA', 'REVAN', 'TABANAN', '2014-09-06', 'BR. CEPAG', 'JEGU', 'PENEBEL', 'TABANAN', 'Laki-Laki', 'SD NO 2 JEGU', 'I', '147026313', 'HINDU', '', '85738005405', 4, 'M', 'I GEDE INDRA SETIAWAN', 'KARYAWAN SWASTA', '', 'NI KADEK AYU DWI KUSUMA SARI', 'KARYAWAN SWASTA', '', 'b796131151f73bd13049162706ed2d80.jpg', '', '', '', '', 4, '', '0000-00-00', 1, '0000-00-00 00:00:00', '0000-00-00 00:00:00'),
(89, 'PD.I.2021.089', 'CHAIRIL ADAM RIFAI DAELY', 'ADAM', 'PANYAMUNGAN', '2007-09-10', 'JL. IR SOEKARMO', 'BANJAR ANYAR', 'KEDIRI', 'TABANAN', 'Laki-Laki', 'SMP BINTANG PERSADA', 'VII', '3079631226', 'ISLAM', '', '81266749044', 7, 'L', 'RINTO FRIADI DAELY', 'KARYAWAN SWASTA', '', 'FATMAWATI SIREGAR', 'IRT', '', '4bf883e9520e6b2e7aec2df0f232074a.jpg', '', '', '', '', 1, '', '0000-00-00', 4, '0000-00-00 00:00:00', '0000-00-00 00:00:00'),
(90, 'PD.I.2020.090', 'I MADE RYAN DWI PRANATA', 'DEK RYAN', 'TABANAN', '2007-02-10', 'BR. PRIYUKTI', 'WANASARI', 'TABANAN', 'TABANAN', 'Laki-Laki', 'SMP NEGERI 6 TABANAN', 'VIII', '78230432', 'HINDU', '', '81999184905', 6, 'L', 'I WAYAN SARJANA', 'PETANI/PEKEBUN', '', 'NI WAYAN SRI WAHYUNI', 'KARYAWAN SWASTA', '', 'f2be3209284850b290dfc3d62665401c.jpg', '', '', '', '', 4, '', '0000-00-00', 4, '0000-00-00 00:00:00', '0000-00-00 00:00:00'),
(91, 'PD.I.2021.091', 'I GEDE MADE GILANG ADI PUTRO', 'GILANG', 'BONGAN', '2012-01-02', 'BR. BONGAN PALA', 'BONGAN', 'TABANAN', 'TABANAN', 'Laki-Laki', 'SD 2 BONGAN', 'III', '', 'HINDU', '', '', 0, '', '', '', '', '', '', '', 'fca195da66255c4f7ae7141df67de602.jpg', '', '', '', '', 4, '', '0000-00-00', 2, '0000-00-00 00:00:00', '0000-00-00 00:00:00'),
(92, 'PD.I.2021.092', 'I GEDE DENNIS LANDYANA PUTRA', 'DENNIS', 'TABANAN', '2008-06-15', 'BR. JEGU BALE AGUNG', 'JEGU', 'TABANAN', 'TABANAN', 'Laki-Laki', 'SMP N 1 PENEBEL', 'VII', '84189103', 'HINDU', '', '87860324484', 11, 'M', 'I GEDE SUKAWIDANA', 'KARYAWAN SWASTA', '', 'AGUNG TIYA PANDAYANI', 'KARYAWAN SWASTA', '', '', '', '', '', 'BELUM MENGUMPULKAN AKTA KELAHIRAN', 4, '', '0000-00-00', 4, '0000-00-00 00:00:00', '0000-00-00 00:00:00'),
(93, 'PD.I.2021.093', 'I PUTU CANDRA ADITYA PRAMANA', 'CANDRA', 'TAJUN', '2006-01-01', 'BANJAR ANYAR', 'BANJAR ANYAR', 'KEDIRI', 'TABANAN', 'Laki-Laki', 'SMP NEGERI 1 KEDIRI', 'IX', '', 'HINDU', '', '81239578582', 17, 'L', 'I WAYAN BUDI ARNAYA', 'SWASTA', '', '', '', '', '', '', '', '', 'BELUM MENGUMPULKAN FC AKTA, FC KK DAN FC IJAZAH TERAKHIR', 4, '', '0000-00-00', 5, '0000-00-00 00:00:00', '0000-00-00 00:00:00'),
(94, 'PD.I.2021.094', 'DZAKI SEPTA KODRIAT', 'DZAKI', 'TABANAN', '2012-09-24', 'PERUM PESONA RAJAWALI BLOK J NO. 6', 'DAUH PEKEN', 'TABANAN', 'TABANAN', 'Laki-Laki', 'SD MUHAMMADIYAH TABANAN', 'II', '121837471', 'ISLAM', '', '81934312003', 7, 'M', 'ANDI KODRIAT', 'KARYAWAN SWASTA', '', 'SRI RAHAYU', 'IRT', '', '', '', '', '', '', 1, '', '0000-00-00', 2, '0000-00-00 00:00:00', '0000-00-00 00:00:00'),
(95, 'PD.I.2021.095', 'PUTU BERLIN MAHESA WIGUNA', 'BERLIN', 'JEGU', '2006-03-11', 'BANJAR PANDE', 'JEGU', 'PENEBEL', 'TABANAN', 'Laki-Laki', 'SMP NEGERI 2 TABANAN', 'VIII', '63756247', 'HINDU', '', '82266305187', 87, 'M', 'I WAYAN SANDI SETIA DHARMA', 'PNS', '87757974747', 'NI PUTU ANNA PUSPITA DEWI', 'IRT', '', '', '', '', '', '', 4, '', '0000-00-00', 5, '0000-00-00 00:00:00', '0000-00-00 00:00:00'),
(96, 'PD.I.2021.096', 'I PUTU GIA ARTHA UTAMA', 'GIA', 'MENGWI', '2009-06-09', 'BR. TENGAH SOBANGAN', 'SOBANGAN', 'MENGWI', 'BADUNG', 'Laki-Laki', 'SD NO 3 SOBANGAN', '5', '', 'HINDU', '', '83147564177', 21, 'M', 'I GEDE SUBAGIA MERTA', 'SWASTA', '83147564177', '', '', '', 'b7dfe9503435e923615a668d0745295a.jpg', '', '', '', '', 4, '', '0000-00-00', 3, '0000-00-00 00:00:00', '0000-00-00 00:00:00'),
(97, 'PD.I.2021.097', 'I WAYAN DARSANA ADA', 'DARSANA', 'TABANAN', '2009-02-04', 'BR. TENGAH SOBANGAN', 'SOBANGAN', 'MENGWI', 'BADUNG', 'Laki-Laki', 'SD NO 03 SOBANGAN', '6', '', 'HINDU', '', '85925104132', 18, 'M', 'I KETUT WIRSA', 'PETANI', '85925104132', 'NI MADE MUNIK', 'PETANI', '', '8e9535293ecf69aa7eb260681559912f.jpg', '', '', '', '', 4, '', '0000-00-00', 3, '0000-00-00 00:00:00', '0000-00-00 00:00:00'),
(98, 'PD.I.2021.098', 'I KOMANG ADI DANUARTA', 'MANG ADI', 'TABANAN', '2005-11-12', 'BR. CURAH ', 'GUBUG', 'TABANAN', 'TABANAN', 'Laki-Laki', 'SMPN 5 TABANAN', 'IX', '56932868', 'HINDU', '', '81997776718', 20, 'S', 'I NYOMAN SUARDANA', 'PETANI', '81805376229', '', '', '', '', '', '', '', '', 4, '', '0000-00-00', 5, '0000-00-00 00:00:00', '0000-00-00 00:00:00'),
(99, 'PD.I.2021.099', 'I KADEK IVAN ARYANATA', 'IVAN', 'TABANAN', '2008-05-08', 'BR. SUBAMIA BALEAGUNG', 'SUBAMIA', 'TABANAN', 'TABANAN', 'Laki-Laki', 'SMP N 3 TABANAN', 'VII', '88249834', 'HINDU', '', '', 18, 'M', 'I GEDE ARIANTO', 'KADUS', '81933074173', '', '', '', '95df23456e9805090584987fddab3946.jpg', '', '', '', '', 4, '', '0000-00-00', 4, '0000-00-00 00:00:00', '0000-00-00 00:00:00'),
(100, 'PD.II.2021.0100', 'ANDREAN WISMA WIJAYA', 'ANDRE', 'DENPASAR', '2010-09-18', 'JL. ANYELIR GRAHA PERTIWI, NO. 13. BONGAN KAUH KAJA', 'BONGAN', 'TABANAN', 'TABANAN', 'Laki-Laki', 'SDN 3 BONGAN', 'IV', '', 'KRISTEN', '', '85338657299', 10, 'M', 'ANDY WIJAYA', 'SWASTA', '82145299585', 'KETUT MARIANI', 'SWASTA', '81228618160', '', '', '', '', 'BELUM MENGUMPULKAN FC AKTA, KK, DAN IJAZAH TERAKHIR (NISN)', 1, '', '0000-00-00', 3, '0000-00-00 00:00:00', '0000-00-00 00:00:00'),
(101, 'PD.II.2021.0101', 'I MADE SUKAYASA', 'SUKAYASA', 'PENGEMBUNGAN', '2009-12-01', 'BR. PENGEMBUNGAN', 'TEGAL JADI', 'MARGA', 'TABANAN', 'Laki-Laki', 'SD 1 TEGAL JADI', 'V', '96293852', 'HINDU', '', '82147042941', 12, 'M', 'I PUTU SUARSANA', 'KARYAWAN SWASTA', '', 'NI MADE RAI SUPARTINI', 'IRT', '', '', '', '', '', '', 1, '', '0000-00-00', 3, '0000-00-00 00:00:00', '0000-00-00 00:00:00'),
(102, 'PD.II.2021.0102', 'I KOMANG GDE BAGAS PUSPAYOGA HARDANA', 'BAGAS', 'DENPASAR', '2007-04-04', 'BR BONGAN', 'BONGAN', 'TABANAN', 'TABANAN', 'Laki-Laki', 'SMPN 2 TABANAN', 'VIII', '', 'HINDU', '', '85903725363', 12, 'L', 'I NYOMAN ARMAWAN', 'SWASTA', '', 'NI NYOMAN AYU SUARTINI', '', '', '5a316649457d22e3adc3f69bff1a0f25.jpg', '', '', '', '', 4, '', '0000-00-00', 4, '0000-00-00 00:00:00', '0000-00-00 00:00:00'),
(103, 'PD.II.2021.0103', 'I KADEK SATYA DIAN ASTRA DHARMA', 'KADEK SATYA', 'BABAHAN', '2008-07-24', 'BR. DINAS UTU', 'BABAHAN', 'PENEBEL', 'TABANAN', 'Laki-Laki', 'SMPN 2 ROGOJAMPI ', 'VII', '', 'HINDU', '', '81999303077', 6, 'L', 'I WAYAN SUADIASTRA', 'SWASTA', '81999303077', 'NI WAYAN INDIYANI', 'SWASTA', '', '8064ab8fe866a330bf93d938b27b881f.jpg', '', '', '', '', 4, '', '0000-00-00', 4, '0000-00-00 00:00:00', '0000-00-00 00:00:00'),
(104, 'PD.II.2021.0104', 'I KD JAYADI SUPUTRA', 'JAYA', 'TABANAN', '2006-01-01', 'KERAMBITAN', '', '', '', 'Laki-Laki', '', '', '', '', '', '', 0, '', '', '', '', '', '', '', '', '', '', '', 'DATA KURANG', 4, '', '0000-00-00', 5, '0000-00-00 00:00:00', '0000-00-00 00:00:00'),
(105, 'PD.II.2021.0105', 'I MADE WAHYU HANDIKA PUTRA', 'WAHYU', 'TABANAN', '2016-06-28', 'PERUM TANAH BANG PERMAI, BLOK D NO. 41', 'KEDIRI', 'KEDIRI', 'TABANAN ', 'Laki-Laki', '', '', '', 'HINDU', '', '85737184481', 24, 'M', 'I WAYAN SASTRA PRASETYAWAN', 'POLRI', '', 'I MADE DEVI DAMAYANTI', '', '', '', '', '', '', 'BELUM MENYERTAKAN FC IJZAH, FC KK, DAN FC IJAZAH TERAKHIR', 1, '', '0000-00-00', 1, '0000-00-00 00:00:00', '0000-00-00 00:00:00'),
(106, 'PD.III.2021.0106', 'NGURAH BAGUS DAYNIES SAPUTRA', 'DAYNIES', 'TABANAN', '2013-07-25', 'BR. BONGAN PALA', 'BONGAN', 'TABANAN', 'TABANAN', 'Laki-Laki', 'SDN 2 BONGAN', 'II', '132729572', 'HINDU', '', '85954637625', 25, 'M', 'NGURAH BAGUS PUTRA UDAYANA', 'KARYAWAN SWASTA', '', 'KOMANG ELSIANA PUSPITA', 'KARYAWAN SWASTA', '', '', '', '', '', 'KURANG FC AKTA, KK DAN PAS FOTO', 1, '', '0000-00-00', 1, '0000-00-00 00:00:00', '0000-00-00 00:00:00'),
(107, 'PD.III.2021.0107', 'NEVAN EDGARDO SETYAWAN', 'NEVAN', 'SEMARANG', '2014-01-14', 'PERUM BCA LAND TAHAP II BLOK C NO 10', 'KEDIRI', 'KEDIRI', 'TABANAN', 'Laki-Laki', 'MI AL-HUDA, SLEMAN, DIY', '1', '', 'ISLAM', '', '85725909030', 7, 'M', 'RENDRA ANDIKA SETYAWAN', 'KARYAWAN SWASTA', '', 'NURUL RAKASIWI', 'KARYAWAN SWASTA', '', '732927982f08d6bdea82c69813fa7bf8.jpg', '', '', '', '', 4, '', '0000-00-00', 1, '0000-00-00 00:00:00', '0000-00-00 00:00:00'),
(108, 'PD.III.2021.0108', 'MUHAMMAD FAIZAL', 'IZAL', 'BANGKALAN', '2013-09-15', 'DSN. JADDIH UTARA I', 'JADDIH', 'SOCAH', 'BANGKALAN, JATIM', 'Laki-Laki', 'SDI TABANAN', '1', '', 'ISLAM', '', '85737504644', 10, 'M', 'ROSIDIN', 'WIRASWASTA', '', 'RUK YANA', 'WIRASWASTA', '', 'c292f2d41cbd07aadd457f0397ce648c.jpg', '', '', '', '', 4, '', '0000-00-00', 1, '0000-00-00 00:00:00', '0000-00-00 00:00:00'),
(109, 'PD.III.2021.0109', 'I GUSTI BAGUS ANDY WIRATAMAA', 'ANDY', 'TABANAN', '2013-10-07', 'TUAKILANG BALERAN', 'DENBANTAS', 'TABANAN', 'TABANAN', 'Laki-Laki', 'SD NEGERI 1 DENBANTAS', 'I', '', 'HINDU', '', '81999328933', 10, 'L', 'I GUSTI BAGUS ADITYA PUTRA', 'SWASTA', '', '', '', '', '8ae0ac0586754e571ebec6f5469f189e.jpg', '', '', '', 'KURANG FC AKTA, KK, IJAZAH', 4, '', '0000-00-00', 1, '0000-00-00 00:00:00', '0000-00-00 00:00:00'),
(110, 'PD.III.2021.0110', 'I KOMANG TRI DIV CANDRA SAPUTRA', 'KM. RINDAM', 'DENPASAR', '2009-09-07', 'ASRAMA RINDAM IX UDAYANA', 'BR. TENTEN KEDIRI', 'KEDIRI', 'TABANAN', 'Laki-Laki', 'SD NO 1 BANJAR ANYAR ', 'V', '', 'HINDU', '', '81339581947', 10, 'L', 'I MADE MERTA', 'PNS', '81999256753', '', '', '', '46eb34f3096ff981853609c2c5c67ed7.jpg', '', '', '', '', 4, '', '0000-00-00', 3, '0000-00-00 00:00:00', '0000-00-00 00:00:00'),
(111, 'PD.IV.2020.0111', 'I GEDE AGUS AGRA PRANA WIGUNA', 'AGRA', 'DENPASAR', '2011-11-22', 'PERUM LUKLUK INDAH BLOK B 85', 'ANGGUNGAN', 'MENGWI', 'BADUNG', 'Laki-Laki', 'SD NEGERI 1 LUKLUK', 'III', '', 'HINDU', '', '8385048331', 22, 'M', 'I GEDE AGUS ADI EKA PARAMARTA', 'SWASTA', '85942048445', '', '', '', '', '', '', '', 'KURANG FC AKTA, KK, FOTO, DAN IJAZAH TERAKHIR /NISN', 4, '', '0000-00-00', 2, '0000-00-00 00:00:00', '0000-00-00 00:00:00'),
(112, 'PD.IV.2021.0112', 'I MADE BISMA DWI  NANDA PUTRA', 'BISMA', 'BANJAR AMBENGAN', '2013-06-26', 'BANJAR AMBENGAN', 'GUBUG', 'TABANAN', 'TABANAN ', 'Laki-Laki', 'SD NEGERI 4 GUBUG', 'II', '', 'HINDU', '', '82146616641', 6, 'M', 'I WAYAN EDI SUTAWIRAWAN', 'WIRASWASTA', '', 'NI WAYAN KAS YUNI', 'WIRASWASTA', '', 'c233c22eba95982a2b62ee8ec430f3e6.jpg', '', '', '', 'KURANG FC AKTA, KK, FOTO DAN NISN', 4, '', '0000-00-00', 1, '0000-00-00 00:00:00', '0000-00-00 00:00:00'),
(113, 'PD.IV.2021.0113', 'I GEDE DIKA PERMANA', 'DIKA', 'TABANAN', '2008-06-03', 'BR. GEGELANG', 'BERABAN', 'KEDIRI', 'TABANAN ', 'Laki-Laki', 'SMPN 3 KEDIRI', 'VII', '', 'HINDU', '', '81916635987', 25, 'L', 'I PUTU AGUS PRASATYA', 'KARYAWAN SWASTA', '8936158050', 'NI KADEK ARISTYA LIANAWATI', 'KARYAWAN SWASTA', '', '', '', '', '', 'KURANG NISN', 4, '', '0000-00-00', 4, '0000-00-00 00:00:00', '0000-00-00 00:00:00'),
(114, 'PD.IV.2021.0114', 'HAKIKY MUHAMMAD AKBAR', 'KIKY', 'TABANAN', '2006-02-06', 'JL. TUKAD PANCORAN BLOK 10/22 BTN SANGGULAN', 'BANJAR ANYAR', 'KEDIRI', 'KEDIRI', 'Laki-Laki', 'MTS, AL-AMIN', 'IX', '', 'ISLAM', '', '85857594794', 26, 'L', 'UNTUNG SETIAWAN', 'WIRASWASTA', '', 'IDA FARIDA', 'WIRASWASTA', '', '', '', '', '', 'KURANG NISN', 4, '', '0000-00-00', 5, '0000-00-00 00:00:00', '0000-00-00 00:00:00'),
(115, 'PD.IV.2021.0115', 'MADE AGUS HANDIKA ARY JANUARTHA', 'DEK AGUS', 'TABANAN', '2006-01-01', 'BTN SANGGULAN BLOK 26/16', 'BANJAR ANYAR', 'KEDIRI', 'TABANAN', 'Laki-Laki', 'SMP NEGERI 1 TABANAN', 'IX', '63303217', 'HINDU', '', '87765494339', 22, 'L', 'MADE ARCITA', 'GURU', '82236557178', '', '', '', '', '', '', '', 'KURANG FC AKTA, KK, DAN IJAZAH TERAKHIR', 4, '', '0000-00-00', 5, '0000-00-00 00:00:00', '0000-00-00 00:00:00'),
(116, 'PD.IV.2021.0116', 'I KADEK BAGAS JUNGNA DINATA', 'JUNGNA', 'TABANAN', '2013-10-06', 'BR. PENGEMBUNGAN ', 'TEGAL JADI', 'MARGA', 'TABANAN', 'Laki-Laki', 'SD NO 1 KUKUH MARGA', 'II', '2821/0132067667', 'HINDU', '', '82235454216', 0, 'S', 'I PUTU SUDIARTANA', 'WIRAUSAHA', '81338031712', '', '', '', '63991c78f32ee3639d74b073383e9dfa.jpg', '', '', '', '', 4, '', '0000-00-00', 1, '0000-00-00 00:00:00', '0000-00-00 00:00:00'),
(117, 'PD.IV.2021.0117', 'I NYOMAN AGASTYA DANENDRA', 'AGAS', 'BR. PANGKUNG', '2007-12-07', 'JL. WERKUDARA NO. 7. BR. PANGKUNG', 'DELOD PEKEN', 'TABANAN', 'TABANAN', 'Laki-Laki', 'SMP NEGERI 2 TABANAN', 'VIII', '', 'HINDU', '', '81936080321', 14, 'L', 'I NYOMAN AGUS SURYAWAN', 'PEGAWAI SWASTA', '', '', '', '', '', '', '', '', 'KURANG FC KK. AKTA, FOTO, NISN', 4, '', '0000-00-00', 4, '0000-00-00 00:00:00', '0000-00-00 00:00:00');
INSERT INTO `students` (`id`, `code`, `name`, `alias`, `place`, `date`, `address`, `village`, `district`, `regency`, `gender`, `school`, `gradeoriginal`, `nisn`, `religion`, `email`, `phone`, `jerseynumber`, `jerseysize`, `fathername`, `fatherjob`, `fatherphone`, `mothername`, `motherjob`, `motherphone`, `photo`, `familylist`, `ijazah`, `birthcertificate`, `note`, `team_id`, `position`, `register`, `grade_id`, `created_at`, `updated_at`) VALUES
(118, 'PD..IV.2021.0118', 'GEDE JANARDANA KRISHNA DAS', 'KRISHNA', 'TABANAN', '2013-05-05', 'JL. DARMA WANGSA NO.7', 'DELOD PEKEN', 'TABANAN', 'TABANAN', 'Laki-Laki', 'SD SARASWATI TABANAN', 'II', '', 'HINDU', '', '83140126187', 7, 'M', 'KETUT SUBAGE WIRYA', 'SWASTA', '82237789904', '', '', '', '', '', '', '', 'LENGKAPI FC KK, AKTA DAM NISN', 1, '', '0000-00-00', 1, '0000-00-00 00:00:00', '0000-00-00 00:00:00');

-- --------------------------------------------------------

--
-- Table structure for table `subjects`
--

CREATE TABLE `subjects` (
  `id` bigint(20) UNSIGNED NOT NULL,
  `code` char(10) COLLATE utf8mb4_unicode_ci NOT NULL,
  `name` varchar(255) COLLATE utf8mb4_unicode_ci NOT NULL,
  `description` varchar(255) COLLATE utf8mb4_unicode_ci NOT NULL,
  `created_at` timestamp NULL DEFAULT NULL,
  `updated_at` timestamp NULL DEFAULT NULL
) ENGINE=InnoDB DEFAULT CHARSET=utf8mb4 COLLATE=utf8mb4_unicode_ci;

--
-- Dumping data for table `subjects`
--

INSERT INTO `subjects` (`id`, `code`, `name`, `description`, `created_at`, `updated_at`) VALUES
(1, 'MP001', 'Passing', '', '2021-04-28 18:58:36', '2021-04-28 18:58:53'),
(4, 'MP002', 'Dribbling', 'Driblling', '0000-00-00 00:00:00', '0000-00-00 00:00:00'),
(5, 'MP003', 'First Touch', 'First Touch', '0000-00-00 00:00:00', '0000-00-00 00:00:00'),
(6, 'MP004', 'Shooting', 'Shooting', '0000-00-00 00:00:00', '0000-00-00 00:00:00'),
(7, 'MP005', 'Heading', 'Heading', '0000-00-00 00:00:00', '0000-00-00 00:00:00'),
(8, 'MP006', 'Kontrol Bola', 'Kontrol Bola', '0000-00-00 00:00:00', '0000-00-00 00:00:00'),
(9, 'MP007', 'Melindungi Bola', 'Melindungi Bola', '0000-00-00 00:00:00', '0000-00-00 00:00:00'),
(10, 'MP008', 'Berputar Balik', 'Berputar Balik', '0000-00-00 00:00:00', '0000-00-00 00:00:00'),
(11, 'MP009', 'Satu Lawan Satu', 'Satu Lawan Satu', '0000-00-00 00:00:00', '0000-00-00 00:00:00'),
(12, 'MP010', 'Umpan Finishing', 'Umpan Finishing', '0000-00-00 00:00:00', '0000-00-00 00:00:00'),
(13, 'MP011', 'Prinsip Penyerangan', 'Prinsip Penyerangan', '0000-00-00 00:00:00', '0000-00-00 00:00:00'),
(14, 'MP012', 'Penguasaan Bola', 'Penguasaan Bola', '0000-00-00 00:00:00', '0000-00-00 00:00:00'),
(15, 'MP013', 'Kombinasi Permainan', 'Kombinasi Permainan', '0000-00-00 00:00:00', '0000-00-00 00:00:00'),
(16, 'MP014', 'Transisi', 'Transisi', '0000-00-00 00:00:00', '0000-00-00 00:00:00'),
(17, 'MP015', 'Build Up', 'Build Up', '0000-00-00 00:00:00', '0000-00-00 00:00:00'),
(18, 'MP016', 'Counter Attack', 'Counter Attack', '0000-00-00 00:00:00', '0000-00-00 00:00:00'),
(19, 'MP017', 'Prinsip Pertahanan', 'Prinsip Pertahanan', '0000-00-00 00:00:00', '0000-00-00 00:00:00'),
(20, 'MP018', 'Pressing', 'Pressing', '0000-00-00 00:00:00', '0000-00-00 00:00:00'),
(21, 'MP019', 'Zona Marking', 'Zona Marking', '0000-00-00 00:00:00', '0000-00-00 00:00:00'),
(22, 'MP020', 'Pertahanan Compact', 'Pertahanan Compact', '0000-00-00 00:00:00', '0000-00-00 00:00:00'),
(23, 'MP021', 'Kecepatan', 'Kecepatan', '0000-00-00 00:00:00', '0000-00-00 00:00:00'),
(24, 'MP022', 'Akselerasi', 'Akselerasi', '0000-00-00 00:00:00', '0000-00-00 00:00:00'),
(25, 'MP023', 'Reaksi', 'Reaksi', '0000-00-00 00:00:00', '0000-00-00 00:00:00'),
(26, 'MP024', 'Kekuatan', 'Kekuatan', '0000-00-00 00:00:00', '0000-00-00 00:00:00'),
(27, 'MP025', 'Ketahanan', 'Ketahanan', '0000-00-00 00:00:00', '0000-00-00 00:00:00'),
(28, 'MP026', 'Mobilitas', 'Mobilitas', '0000-00-00 00:00:00', '0000-00-00 00:00:00'),
(29, 'MP027', 'Kelincahan', 'Kelincahan', '0000-00-00 00:00:00', '0000-00-00 00:00:00'),
(30, 'MP028', 'Koordinasi Balance', 'Koordinasi Balance', '0000-00-00 00:00:00', '0000-00-00 00:00:00'),
(31, 'MP029', 'Gerak Tubuh', 'Gerak Tubuh', '0000-00-00 00:00:00', '0000-00-00 00:00:00'),
(32, 'MP030', 'Tanggap Waspada', 'Tanggap Waspada', '0000-00-00 00:00:00', '0000-00-00 00:00:00'),
(33, 'MP031', 'Disiplin', 'Disiplin', '0000-00-00 00:00:00', '0000-00-00 00:00:00'),
(34, 'MP032', 'Motivasi', 'Motivasi', '0000-00-00 00:00:00', '0000-00-00 00:00:00'),
(35, 'MP033', 'Percaya Diri', 'Percaya Diri', '0000-00-00 00:00:00', '0000-00-00 00:00:00'),
(36, 'MP034', 'Konsentrasi', 'Konsentrasi', '0000-00-00 00:00:00', '0000-00-00 00:00:00'),
(37, 'MP035', 'Visi Bermain', 'Visi Bermain', '0000-00-00 00:00:00', '0000-00-00 00:00:00'),
(38, 'MP036', 'Jiwa Kompetisi', 'Jiwa Kompetisi', '0000-00-00 00:00:00', '0000-00-00 00:00:00'),
(39, 'MP037', 'Kontrol Diri', 'Kontrol Diri', '0000-00-00 00:00:00', '0000-00-00 00:00:00'),
(40, 'MP038', 'Intelegensia', 'Intelegensia', '0000-00-00 00:00:00', '0000-00-00 00:00:00'),
(41, 'MP039', 'Kerjasama', 'Kerjasama', '0000-00-00 00:00:00', '0000-00-00 00:00:00'),
(42, 'MP040', 'Komunikasi', 'Komunikasi', '0000-00-00 00:00:00', '0000-00-00 00:00:00');

-- --------------------------------------------------------

--
-- Table structure for table `teachers`
--

CREATE TABLE `teachers` (
  `id` bigint(20) UNSIGNED NOT NULL,
  `code` char(10) COLLATE utf8mb4_unicode_ci NOT NULL,
  `name` varchar(255) COLLATE utf8mb4_unicode_ci NOT NULL,
  `place` varchar(255) COLLATE utf8mb4_unicode_ci NOT NULL,
  `date` date NOT NULL,
  `address` varchar(255) COLLATE utf8mb4_unicode_ci NOT NULL,
  `gender` enum('Laki-Laki','Perempuan') COLLATE utf8mb4_unicode_ci NOT NULL,
  `email` char(50) COLLATE utf8mb4_unicode_ci NOT NULL,
  `phone` char(50) COLLATE utf8mb4_unicode_ci NOT NULL,
  `register` date NOT NULL,
  `created_at` timestamp NULL DEFAULT NULL,
  `updated_at` timestamp NULL DEFAULT NULL
) ENGINE=InnoDB DEFAULT CHARSET=utf8mb4 COLLATE=utf8mb4_unicode_ci;

--
-- Dumping data for table `teachers`
--

INSERT INTO `teachers` (`id`, `code`, `name`, `place`, `date`, `address`, `gender`, `email`, `phone`, `register`, `created_at`, `updated_at`) VALUES
(1, 'G001', 'Pak Yudi', 'Tabanan', '2021-04-29', 'Penebel', 'Laki-Laki', 'yudi@kjkjkjkj.com', '0977797977', '0000-00-00', '2021-04-28 18:57:40', '2021-04-28 18:57:40');

-- --------------------------------------------------------

--
-- Table structure for table `teams`
--

CREATE TABLE `teams` (
  `id` bigint(20) UNSIGNED NOT NULL,
  `code` varchar(255) COLLATE utf8mb4_unicode_ci NOT NULL,
  `name` varchar(255) COLLATE utf8mb4_unicode_ci NOT NULL,
  `created_at` timestamp NULL DEFAULT NULL,
  `updated_at` timestamp NULL DEFAULT NULL
) ENGINE=InnoDB DEFAULT CHARSET=utf8mb4 COLLATE=utf8mb4_unicode_ci;

--
-- Dumping data for table `teams`
--

INSERT INTO `teams` (`id`, `code`, `name`, `created_at`, `updated_at`) VALUES
(1, '1', '-', '2021-04-27 18:09:46', '2021-04-28 18:38:18'),
(2, '2', 'Putra Debes A KU12', '2021-04-27 18:09:51', '2021-04-28 18:38:29'),
(3, '3', 'Putra Debes B KU12', '2021-04-27 18:09:56', '2021-04-28 18:38:40'),
(4, '4', 'LATBER Putra Angkasa', '2021-04-27 18:10:02', '2021-04-28 18:38:52');

-- --------------------------------------------------------

--
-- Table structure for table `tests`
--

CREATE TABLE `tests` (
  `id` bigint(20) UNSIGNED NOT NULL,
  `code` char(10) COLLATE utf8mb4_unicode_ci NOT NULL,
  `name` enum('Daily','Middle','End') COLLATE utf8mb4_unicode_ci NOT NULL,
  `value` varchar(255) COLLATE utf8mb4_unicode_ci NOT NULL,
  `student_id` bigint(20) UNSIGNED NOT NULL,
  `subject_id` bigint(20) UNSIGNED NOT NULL,
  `created_at` timestamp NULL DEFAULT NULL,
  `updated_at` timestamp NULL DEFAULT NULL
) ENGINE=InnoDB DEFAULT CHARSET=utf8mb4 COLLATE=utf8mb4_unicode_ci;

-- --------------------------------------------------------

--
-- Table structure for table `users`
--

CREATE TABLE `users` (
  `id` int(10) UNSIGNED NOT NULL,
  `name` varchar(255) COLLATE utf8mb4_unicode_ci NOT NULL,
  `email` varchar(255) COLLATE utf8mb4_unicode_ci NOT NULL,
  `email_verified_at` datetime DEFAULT NULL,
  `password` varchar(255) COLLATE utf8mb4_unicode_ci NOT NULL,
  `remember_token` varchar(255) COLLATE utf8mb4_unicode_ci DEFAULT NULL,
  `created_at` timestamp NULL DEFAULT NULL,
  `updated_at` timestamp NULL DEFAULT NULL,
  `deleted_at` timestamp NULL DEFAULT NULL
) ENGINE=InnoDB DEFAULT CHARSET=utf8mb4 COLLATE=utf8mb4_unicode_ci;

--
-- Dumping data for table `users`
--

INSERT INTO `users` (`id`, `name`, `email`, `email_verified_at`, `password`, `remember_token`, `created_at`, `updated_at`, `deleted_at`) VALUES
(1, 'Admin', 'belogherbal@gmail.com', NULL, '$2y$10$bcRhciben4jdWlMcb2x1CewARNn.eZV5/beAmAM5jRFKaMOV45sNO', 'viLTlBAqDPE6Ke9fv4fqTAZTSfXtdjgIFONHj7RdjEXfXXTySPSO22F1nzlx', '2019-04-15 11:13:32', '2021-04-05 19:09:26', '2021-04-05 19:09:26'),
(2, 'Master', 'putualgoritma@gmail.com', NULL, '$2y$10$vPhlqpY9jbXdx1DNPgGsYuIxekaELdx64MvO.acWW77OEmOIjPbta', NULL, '2021-02-04 22:26:21', '2021-04-05 19:15:30', '2021-04-05 19:15:30'),
(3, 'Master', 'suryadwipayana@gmail.com', NULL, '$2y$10$vPhlqpY9jbXdx1DNPgGsYuIxekaELdx64MvO.acWW77OEmOIjPbta', NULL, NULL, '2021-04-05 19:43:42', '2021-04-05 19:43:42'),
(4, 'Master', 'putualgoritma@gmail.com', NULL, '$2y$10$pCetaAnyHYgcBsB631FyZ.vTymV47Jqh6IjytCTDYpjpYtjIdbfqS', NULL, '2021-04-05 19:32:27', '2021-04-05 19:32:27', NULL);

--
-- Indexes for dumped tables
--

--
-- Indexes for table `absents`
--
ALTER TABLE `absents`
  ADD PRIMARY KEY (`id`),
  ADD KEY `absents_student_id_foreign` (`student_id`),
  ADD KEY `schedule_subject_id_foreign` (`schedule_subject_id`) USING BTREE;

--
-- Indexes for table `bills`
--
ALTER TABLE `bills`
  ADD PRIMARY KEY (`id`),
  ADD KEY `bills_student_id_foreign` (`student_id`);

--
-- Indexes for table `grades`
--
ALTER TABLE `grades`
  ADD PRIMARY KEY (`id`);

--
-- Indexes for table `migrations`
--
ALTER TABLE `migrations`
  ADD PRIMARY KEY (`id`);

--
-- Indexes for table `oauth_access_tokens`
--
ALTER TABLE `oauth_access_tokens`
  ADD PRIMARY KEY (`id`),
  ADD KEY `oauth_access_tokens_user_id_index` (`user_id`);

--
-- Indexes for table `oauth_auth_codes`
--
ALTER TABLE `oauth_auth_codes`
  ADD PRIMARY KEY (`id`),
  ADD KEY `oauth_auth_codes_user_id_index` (`user_id`);

--
-- Indexes for table `oauth_clients`
--
ALTER TABLE `oauth_clients`
  ADD PRIMARY KEY (`id`),
  ADD KEY `oauth_clients_user_id_index` (`user_id`);

--
-- Indexes for table `oauth_personal_access_clients`
--
ALTER TABLE `oauth_personal_access_clients`
  ADD PRIMARY KEY (`id`);

--
-- Indexes for table `oauth_refresh_tokens`
--
ALTER TABLE `oauth_refresh_tokens`
  ADD PRIMARY KEY (`id`);

--
-- Indexes for table `password_resets`
--
ALTER TABLE `password_resets`
  ADD KEY `password_resets_email_index` (`email`);

--
-- Indexes for table `periodes`
--
ALTER TABLE `periodes`
  ADD PRIMARY KEY (`id`);

--
-- Indexes for table `permissions`
--
ALTER TABLE `permissions`
  ADD PRIMARY KEY (`id`);

--
-- Indexes for table `permission_role`
--
ALTER TABLE `permission_role`
  ADD KEY `permission_role_role_id_foreign` (`role_id`),
  ADD KEY `permission_role_permission_id_foreign` (`permission_id`);

--
-- Indexes for table `roles`
--
ALTER TABLE `roles`
  ADD PRIMARY KEY (`id`);

--
-- Indexes for table `role_user`
--
ALTER TABLE `role_user`
  ADD KEY `role_user_user_id_foreign` (`user_id`),
  ADD KEY `role_user_role_id_foreign` (`role_id`);

--
-- Indexes for table `schedules`
--
ALTER TABLE `schedules`
  ADD PRIMARY KEY (`id`),
  ADD KEY `schedules_grade_id_foreign` (`grade_id`),
  ADD KEY `schedules_semester_id_foreign` (`semester_id`),
  ADD KEY `schedules_periode_id_foreign` (`periode_id`);

--
-- Indexes for table `schedule_subjects`
--
ALTER TABLE `schedule_subjects`
  ADD PRIMARY KEY (`id`),
  ADD KEY `schedule_subjects_schedule_id_foreign` (`schedule_id`),
  ADD KEY `schedule_subjects_subject_id_foreign` (`subject_id`),
  ADD KEY `schedule_subjects_teacher_id_foreign` (`teacher_id`);

--
-- Indexes for table `semesters`
--
ALTER TABLE `semesters`
  ADD PRIMARY KEY (`id`);

--
-- Indexes for table `students`
--
ALTER TABLE `students`
  ADD PRIMARY KEY (`id`),
  ADD KEY `students_grade_id_foreign` (`grade_id`),
  ADD KEY `students_team_id_foreign` (`team_id`);

--
-- Indexes for table `subjects`
--
ALTER TABLE `subjects`
  ADD PRIMARY KEY (`id`);

--
-- Indexes for table `teachers`
--
ALTER TABLE `teachers`
  ADD PRIMARY KEY (`id`);

--
-- Indexes for table `teams`
--
ALTER TABLE `teams`
  ADD PRIMARY KEY (`id`);

--
-- Indexes for table `tests`
--
ALTER TABLE `tests`
  ADD PRIMARY KEY (`id`),
  ADD KEY `tests_student_id_foreign` (`student_id`),
  ADD KEY `tests_subject_id_foreign` (`subject_id`);

--
-- Indexes for table `users`
--
ALTER TABLE `users`
  ADD PRIMARY KEY (`id`);

--
-- AUTO_INCREMENT for dumped tables
--

--
-- AUTO_INCREMENT for table `absents`
--
ALTER TABLE `absents`
  MODIFY `id` bigint(20) UNSIGNED NOT NULL AUTO_INCREMENT, AUTO_INCREMENT=11;

--
-- AUTO_INCREMENT for table `bills`
--
ALTER TABLE `bills`
  MODIFY `id` bigint(20) UNSIGNED NOT NULL AUTO_INCREMENT, AUTO_INCREMENT=2;

--
-- AUTO_INCREMENT for table `grades`
--
ALTER TABLE `grades`
  MODIFY `id` bigint(20) UNSIGNED NOT NULL AUTO_INCREMENT, AUTO_INCREMENT=6;

--
-- AUTO_INCREMENT for table `migrations`
--
ALTER TABLE `migrations`
  MODIFY `id` int(10) UNSIGNED NOT NULL AUTO_INCREMENT, AUTO_INCREMENT=87;

--
-- AUTO_INCREMENT for table `oauth_clients`
--
ALTER TABLE `oauth_clients`
  MODIFY `id` bigint(20) UNSIGNED NOT NULL AUTO_INCREMENT, AUTO_INCREMENT=3;

--
-- AUTO_INCREMENT for table `oauth_personal_access_clients`
--
ALTER TABLE `oauth_personal_access_clients`
  MODIFY `id` bigint(20) UNSIGNED NOT NULL AUTO_INCREMENT, AUTO_INCREMENT=2;

--
-- AUTO_INCREMENT for table `periodes`
--
ALTER TABLE `periodes`
  MODIFY `id` bigint(20) UNSIGNED NOT NULL AUTO_INCREMENT, AUTO_INCREMENT=4;

--
-- AUTO_INCREMENT for table `permissions`
--
ALTER TABLE `permissions`
  MODIFY `id` int(10) UNSIGNED NOT NULL AUTO_INCREMENT, AUTO_INCREMENT=157;

--
-- AUTO_INCREMENT for table `roles`
--
ALTER TABLE `roles`
  MODIFY `id` int(10) UNSIGNED NOT NULL AUTO_INCREMENT, AUTO_INCREMENT=5;

--
-- AUTO_INCREMENT for table `schedules`
--
ALTER TABLE `schedules`
  MODIFY `id` bigint(20) UNSIGNED NOT NULL AUTO_INCREMENT, AUTO_INCREMENT=23;

--
-- AUTO_INCREMENT for table `schedule_subjects`
--
ALTER TABLE `schedule_subjects`
  MODIFY `id` bigint(20) UNSIGNED NOT NULL AUTO_INCREMENT, AUTO_INCREMENT=3;

--
-- AUTO_INCREMENT for table `semesters`
--
ALTER TABLE `semesters`
  MODIFY `id` bigint(20) UNSIGNED NOT NULL AUTO_INCREMENT, AUTO_INCREMENT=3;

--
-- AUTO_INCREMENT for table `students`
--
ALTER TABLE `students`
  MODIFY `id` bigint(20) UNSIGNED NOT NULL AUTO_INCREMENT, AUTO_INCREMENT=119;

--
-- AUTO_INCREMENT for table `subjects`
--
ALTER TABLE `subjects`
  MODIFY `id` bigint(20) UNSIGNED NOT NULL AUTO_INCREMENT, AUTO_INCREMENT=43;

--
-- AUTO_INCREMENT for table `teachers`
--
ALTER TABLE `teachers`
  MODIFY `id` bigint(20) UNSIGNED NOT NULL AUTO_INCREMENT, AUTO_INCREMENT=2;

--
-- AUTO_INCREMENT for table `teams`
--
ALTER TABLE `teams`
  MODIFY `id` bigint(20) UNSIGNED NOT NULL AUTO_INCREMENT, AUTO_INCREMENT=5;

--
-- AUTO_INCREMENT for table `tests`
--
ALTER TABLE `tests`
  MODIFY `id` bigint(20) UNSIGNED NOT NULL AUTO_INCREMENT;

--
-- AUTO_INCREMENT for table `users`
--
ALTER TABLE `users`
  MODIFY `id` int(10) UNSIGNED NOT NULL AUTO_INCREMENT, AUTO_INCREMENT=5;

--
-- Constraints for dumped tables
--

--
-- Constraints for table `absents`
--
ALTER TABLE `absents`
  ADD CONSTRAINT `absents_student_id_foreign` FOREIGN KEY (`student_id`) REFERENCES `students` (`id`),
  ADD CONSTRAINT `schedule_subject_id_foreign` FOREIGN KEY (`schedule_subject_id`) REFERENCES `schedule_subjects` (`id`);

--
-- Constraints for table `bills`
--
ALTER TABLE `bills`
  ADD CONSTRAINT `bills_student_id_foreign` FOREIGN KEY (`student_id`) REFERENCES `students` (`id`);

--
-- Constraints for table `schedules`
--
ALTER TABLE `schedules`
  ADD CONSTRAINT `schedules_grade_id_foreign` FOREIGN KEY (`grade_id`) REFERENCES `grades` (`id`),
  ADD CONSTRAINT `schedules_periode_id_foreign` FOREIGN KEY (`periode_id`) REFERENCES `periodes` (`id`),
  ADD CONSTRAINT `schedules_semester_id_foreign` FOREIGN KEY (`semester_id`) REFERENCES `semesters` (`id`);

--
-- Constraints for table `schedule_subjects`
--
ALTER TABLE `schedule_subjects`
  ADD CONSTRAINT `schedule_subjects_schedule_id_foreign` FOREIGN KEY (`schedule_id`) REFERENCES `schedules` (`id`),
  ADD CONSTRAINT `schedule_subjects_subject_id_foreign` FOREIGN KEY (`subject_id`) REFERENCES `subjects` (`id`),
  ADD CONSTRAINT `schedule_subjects_teacher_id_foreign` FOREIGN KEY (`teacher_id`) REFERENCES `teachers` (`id`);

--
-- Constraints for table `students`
--
ALTER TABLE `students`
  ADD CONSTRAINT `students_grade_id_foreign` FOREIGN KEY (`grade_id`) REFERENCES `grades` (`id`),
  ADD CONSTRAINT `students_team_id_foreign` FOREIGN KEY (`team_id`) REFERENCES `teams` (`id`);

--
-- Constraints for table `tests`
--
ALTER TABLE `tests`
  ADD CONSTRAINT `tests_student_id_foreign` FOREIGN KEY (`student_id`) REFERENCES `students` (`id`),
  ADD CONSTRAINT `tests_subject_id_foreign` FOREIGN KEY (`subject_id`) REFERENCES `subjects` (`id`);
COMMIT;

/*!40101 SET CHARACTER_SET_CLIENT=@OLD_CHARACTER_SET_CLIENT */;
/*!40101 SET CHARACTER_SET_RESULTS=@OLD_CHARACTER_SET_RESULTS */;
/*!40101 SET COLLATION_CONNECTION=@OLD_COLLATION_CONNECTION */;
